2026-06-10 19:18:46 [INFO] __main__ — ━━━━━━━━━━━━━━━━━━━━━━━━━━━━━━━━━━━━━━━━━━━━━━━
2026-06-10 19:18:46 [INFO] __main__ — BOT DE ENTRENAMIENTO — INICIO
2026-06-10 19:18:46 [INFO] __main__ — ━━━━━━━━━━━━━━━━━━━━━━━━━━━━━━━━━━━━━━━━━━━━━━━
2026-06-10 19:18:46 [INFO] data.mt5_connector — MT5 conectado — build 5836, cuenta: 101396200
2026-06-10 19:18:46 [INFO] data.mt5_connector — Descargando 200000 velas de EURUSD M5...
2026-06-10 19:18:46 [ERROR] data.mt5_connector — Error al obtener datos de MT5: (-2, 'Terminal: Invalid params')
2026-06-10 19:18:46 [ERROR] __main__ — Error inesperado durante el entrenamiento: MT5 copy_rates_from_pos falló: (-2, 'Terminal: Invalid params')
Traceback (most recent call last):
  File "C:\Users\ferna\Desktop\BOTS\botentrenamiento\train_bot.py", line 66, in run_training
    df = get_ohlcv(symbol=SYMBOL, timeframe=TIMEFRAME, bars=BARS)
  File "C:\Users\ferna\Desktop\BOTS\botentrenamiento\data\mt5_connector.py", line 61, in get_ohlcv
    raise RuntimeError(f"MT5 copy_rates_from_pos falló: {error}")
RuntimeError: MT5 copy_rates_from_pos falló: (-2, 'Terminal: Invalid params')
2026-06-10 19:18:46 [INFO] data.mt5_connector — MT5 desconectado.
2026-06-10 19:18:46 [INFO] __main__ — ━━━━━━━━━━━━━━━━━━━━━━━━━━━━━━━━━━━━━━━━━━━━━━━
2026-06-10 19:18:46 [INFO] __main__ — BOT DE ENTRENAMIENTO — FIN
2026-06-10 19:18:46 [INFO] __main__ — ━━━━━━━━━━━━━━━━━━━━━━━━━━━━━━━━━━━━━━━━━━━━━━━
2026-06-10 19:20:45 [INFO] __main__ — ━━━━━━━━━━━━━━━━━━━━━━━━━━━━━━━━━━━━━━━━━━━━━━━
2026-06-10 19:20:45 [INFO] __main__ — BOT DE ENTRENAMIENTO — INICIO
2026-06-10 19:20:45 [INFO] __main__ — ━━━━━━━━━━━━━━━━━━━━━━━━━━━━━━━━━━━━━━━━━━━━━━━
2026-06-10 19:20:45 [INFO] data.mt5_connector — MT5 conectado — build 5836, cuenta: 101396200
2026-06-10 19:20:45 [INFO] data.mt5_connector — Descargando 150000 velas de EURUSD M5...
2026-06-10 19:20:45 [ERROR] data.mt5_connector — Error al obtener datos de MT5: (-2, 'Terminal: Invalid params')
2026-06-10 19:20:45 [ERROR] __main__ — Error inesperado durante el entrenamiento: MT5 copy_rates_from_pos falló: (-2, 'Terminal: Invalid params')
Traceback (most recent call last):
  File "C:\Users\ferna\Desktop\BOTS\botentrenamiento\train_bot.py", line 66, in run_training
    df = get_ohlcv(symbol=SYMBOL, timeframe=TIMEFRAME, bars=BARS)
  File "C:\Users\ferna\Desktop\BOTS\botentrenamiento\data\mt5_connector.py", line 61, in get_ohlcv
    raise RuntimeError(f"MT5 copy_rates_from_pos falló: {error}")
RuntimeError: MT5 copy_rates_from_pos falló: (-2, 'Terminal: Invalid params')
2026-06-10 19:20:45 [INFO] data.mt5_connector — MT5 desconectado.
2026-06-10 19:20:45 [INFO] __main__ — ━━━━━━━━━━━━━━━━━━━━━━━━━━━━━━━━━━━━━━━━━━━━━━━
2026-06-10 19:20:45 [INFO] __main__ — BOT DE ENTRENAMIENTO — FIN
2026-06-10 19:20:45 [INFO] __main__ — ━━━━━━━━━━━━━━━━━━━━━━━━━━━━━━━━━━━━━━━━━━━━━━━
2026-06-10 19:22:40 [INFO] __main__ — ━━━━━━━━━━━━━━━━━━━━━━━━━━━━━━━━━━━━━━━━━━━━━━━
2026-06-10 19:22:40 [INFO] __main__ — BOT DE ENTRENAMIENTO — INICIO
2026-06-10 19:22:40 [INFO] __main__ — ━━━━━━━━━━━━━━━━━━━━━━━━━━━━━━━━━━━━━━━━━━━━━━━
2026-06-10 19:22:40 [INFO] data.mt5_connector — MT5 conectado — build 5836, cuenta: 101396200
2026-06-10 19:22:40 [INFO] data.mt5_connector — Descargando 150000 velas de EURUSD M5...
2026-06-10 19:22:40 [ERROR] data.mt5_connector — Error al obtener datos de MT5: (-2, 'Terminal: Invalid params')
2026-06-10 19:22:40 [ERROR] __main__ — Error inesperado durante el entrenamiento: MT5 copy_rates_from_pos falló: (-2, 'Terminal: Invalid params')
Traceback (most recent call last):
  File "C:\Users\ferna\Desktop\BOTS\botentrenamiento\train_bot.py", line 66, in run_training
    df = get_ohlcv(symbol=SYMBOL, timeframe=TIMEFRAME, bars=BARS)
  File "C:\Users\ferna\Desktop\BOTS\botentrenamiento\data\mt5_connector.py", line 61, in get_ohlcv
    raise RuntimeError(f"MT5 copy_rates_from_pos falló: {error}")
RuntimeError: MT5 copy_rates_from_pos falló: (-2, 'Terminal: Invalid params')
2026-06-10 19:22:40 [INFO] data.mt5_connector — MT5 desconectado.
2026-06-10 19:22:40 [INFO] __main__ — ━━━━━━━━━━━━━━━━━━━━━━━━━━━━━━━━━━━━━━━━━━━━━━━
2026-06-10 19:22:40 [INFO] __main__ — BOT DE ENTRENAMIENTO — FIN
2026-06-10 19:22:40 [INFO] __main__ — ━━━━━━━━━━━━━━━━━━━━━━━━━━━━━━━━━━━━━━━━━━━━━━━
2026-06-10 19:23:14 [INFO] __main__ — ━━━━━━━━━━━━━━━━━━━━━━━━━━━━━━━━━━━━━━━━━━━━━━━
2026-06-10 19:23:14 [INFO] __main__ — BOT DE ENTRENAMIENTO — INICIO
2026-06-10 19:23:14 [INFO] __main__ — ━━━━━━━━━━━━━━━━━━━━━━━━━━━━━━━━━━━━━━━━━━━━━━━
2026-06-10 19:23:14 [INFO] data.mt5_connector — MT5 conectado — build 5836, cuenta: 101396200
2026-06-10 19:23:14 [INFO] data.mt5_connector — Descargando 200000 velas de EURUSD M5...
2026-06-10 19:23:14 [ERROR] data.mt5_connector — Error al obtener datos de MT5: (-2, 'Terminal: Invalid params')
2026-06-10 19:23:14 [ERROR] __main__ — Error inesperado durante el entrenamiento: MT5 copy_rates_from_pos falló: (-2, 'Terminal: Invalid params')
Traceback (most recent call last):
  File "C:\Users\ferna\Desktop\BOTS\botentrenamiento\train_bot.py", line 66, in run_training
    df = get_ohlcv(symbol=SYMBOL, timeframe=TIMEFRAME, bars=BARS)
  File "C:\Users\ferna\Desktop\BOTS\botentrenamiento\data\mt5_connector.py", line 61, in get_ohlcv
    raise RuntimeError(f"MT5 copy_rates_from_pos falló: {error}")
RuntimeError: MT5 copy_rates_from_pos falló: (-2, 'Terminal: Invalid params')
2026-06-10 19:23:14 [INFO] data.mt5_connector — MT5 desconectado.
2026-06-10 19:23:14 [INFO] __main__ — ━━━━━━━━━━━━━━━━━━━━━━━━━━━━━━━━━━━━━━━━━━━━━━━
2026-06-10 19:23:14 [INFO] __main__ — BOT DE ENTRENAMIENTO — FIN
2026-06-10 19:23:14 [INFO] __main__ — ━━━━━━━━━━━━━━━━━━━━━━━━━━━━━━━━━━━━━━━━━━━━━━━
2026-06-10 19:26:11 [INFO] __main__ — ━━━━━━━━━━━━━━━━━━━━━━━━━━━━━━━━━━━━━━━━━━━━━━━
2026-06-10 19:26:11 [INFO] __main__ — BOT DE ENTRENAMIENTO — INICIO
2026-06-10 19:26:11 [INFO] __main__ — ━━━━━━━━━━━━━━━━━━━━━━━━━━━━━━━━━━━━━━━━━━━━━━━
2026-06-10 19:26:11 [INFO] data.mt5_connector — MT5 conectado — build 5836, cuenta: 101396200
2026-06-10 19:26:11 [INFO] data.mt5_connector — Descargando 200000 velas de EURUSD M5...
2026-06-10 19:26:11 [INFO] data.mt5_connector — Descargadas 101406 velas. Rango: 2025-01-30 00:00:00 → 2026-06-11 02:25:00
2026-06-10 19:26:11 [INFO] features.indicators — Indicadores calculados. Filas resultantes: 101377
2026-06-10 19:26:11 [INFO] training.labeler — Etiquetas generadas — HOLD: 42613 | BUY: 29483 | SELL: 29265 | NaN: 16
2026-06-10 19:26:11 [INFO] __main__ — Distribución de etiquetas: {'HOLD': 42.04, 'BUY': 29.09, 'SELL': 28.87}
2026-06-10 19:26:11 [INFO] training.dataset — Dataset construido: 101361 filas, 15 features.
2026-06-10 19:26:11 [INFO] training.dataset — Balance de clases — HOLD: 42613 (42.0%) | BUY: 29483 (29.1%) | SELL: 29265 (28.9%)
2026-06-10 19:26:11 [INFO] __main__ — Operaciones históricas en SQLite: 0
2026-06-10 19:26:11 [INFO] training.trainer — === Iniciando entrenamiento ===
2026-06-10 19:26:11 [INFO] training.dataset — Train/Test split — Train: 81088 filas (2025-01-30 02:25:00 → 2026-03-04 15:40:00) | Test: 20273 filas (2026-03-04 15:45:00 → 2026-06-11 01:05:00)
2026-06-10 19:26:11 [INFO] training.trainer — Walk-forward validation con 8 folds...
2026-06-10 19:26:12 [INFO] training.trainer — Modelo entrenado con 9009 muestras, 15 features.
2026-06-10 19:26:13 [INFO] training.trainer — Modelo entrenado con 18018 muestras, 15 features.
2026-06-10 19:26:15 [INFO] training.trainer — Modelo entrenado con 27027 muestras, 15 features.
2026-06-10 19:26:16 [INFO] training.trainer — Modelo entrenado con 36036 muestras, 15 features.
2026-06-10 19:26:18 [INFO] training.trainer — Modelo entrenado con 45045 muestras, 15 features.
2026-06-10 19:26:20 [INFO] training.trainer — Modelo entrenado con 54054 muestras, 15 features.
2026-06-10 19:26:22 [INFO] training.trainer — Modelo entrenado con 63063 muestras, 15 features.
2026-06-10 19:26:24 [INFO] training.trainer — Modelo entrenado con 72072 muestras, 15 features.
2026-06-10 19:26:24 [INFO] training.trainer — Walk-forward promedio — Sharpe: 2.123 | Win rate: 0.506 | Drawdown: 0.027
2026-06-10 19:26:26 [INFO] training.trainer — Modelo entrenado con 81088 muestras, 15 features.
2026-06-10 19:26:26 [INFO] training.trainer — OOS — Sharpe: -1.558 | Win rate: 0.505 | Drawdown: 0.042 | Profit factor: 0.977
2026-06-10 19:26:26 [WARNING] training.trainer — Umbrales mínimos: Sharpe>=1.00 (got -1.558) | WinRate>=0.50 (got 0.505) | Drawdown<=0.15 (got 0.042)
2026-06-10 19:26:26 [WARNING] training.trainer — El modelo NO supera los umbrales mínimos. No se guarda.
2026-06-10 19:26:26 [INFO] __main__ — Entrenamiento completado. Modelo anterior conservado.
2026-06-10 19:26:26 [INFO] data.mt5_connector — MT5 desconectado.
2026-06-10 19:26:26 [INFO] __main__ — ━━━━━━━━━━━━━━━━━━━━━━━━━━━━━━━━━━━━━━━━━━━━━━━
2026-06-10 19:26:26 [INFO] __main__ — BOT DE ENTRENAMIENTO — FIN
2026-06-10 19:26:26 [INFO] __main__ — ━━━━━━━━━━━━━━━━━━━━━━━━━━━━━━━━━━━━━━━━━━━━━━━
2026-06-10 19:33:10 [INFO] __main__ — ━━━━━━━━━━━━━━━━━━━━━━━━━━━━━━━━━━━━━━━━━━━━━━━
2026-06-10 19:33:10 [INFO] __main__ — BOT DE ENTRENAMIENTO — INICIO
2026-06-10 19:33:10 [INFO] __main__ — ━━━━━━━━━━━━━━━━━━━━━━━━━━━━━━━━━━━━━━━━━━━━━━━
2026-06-10 19:33:10 [INFO] data.mt5_connector — MT5 conectado — build 5836, cuenta: 101396200
2026-06-10 19:33:10 [INFO] data.mt5_connector — Descargando 10000 velas de EURUSD M15...
2026-06-10 19:33:10 [INFO] data.mt5_connector — Descargadas 10000 velas. Rango: 2026-01-15 22:45:00 → 2026-06-11 02:30:00
2026-06-10 19:33:10 [INFO] features.indicators — Indicadores calculados. Filas resultantes: 9981
2026-06-10 19:33:10 [INFO] training.labeler — Etiquetas generadas — HOLD: 4343 | BUY: 2764 | SELL: 2862 | NaN: 12
2026-06-10 19:33:10 [INFO] __main__ — Distribución de etiquetas: {'HOLD': 43.57, 'SELL': 28.71, 'BUY': 27.73}
2026-06-10 19:33:10 [INFO] training.dataset — Dataset construido: 9969 filas, 15 features.
2026-06-10 19:33:10 [INFO] training.dataset — Balance de clases — HOLD: 4343 (43.6%) | BUY: 2764 (27.7%) | SELL: 2862 (28.7%)
2026-06-10 19:33:10 [INFO] __main__ — Operaciones históricas en SQLite: 0
2026-06-10 19:33:10 [INFO] training.trainer — === Iniciando entrenamiento ===
2026-06-10 19:33:10 [INFO] training.dataset — Train/Test split — Train: 7476 filas (2026-01-16 03:30:00 → 2026-05-06 00:15:00) | Test: 2493 filas (2026-05-06 00:30:00 → 2026-06-10 23:30:00)
2026-06-10 19:33:10 [INFO] training.trainer — Walk-forward validation con 5 folds...
2026-06-10 19:33:11 [INFO] training.trainer — Modelo entrenado con 1246 muestras, 15 features.
2026-06-10 19:33:11 [INFO] training.trainer — Modelo entrenado con 2492 muestras, 15 features.
2026-06-10 19:33:11 [INFO] training.trainer — Modelo entrenado con 3738 muestras, 15 features.
2026-06-10 19:33:11 [INFO] training.trainer — Modelo entrenado con 4984 muestras, 15 features.
2026-06-10 19:33:12 [INFO] training.trainer — Modelo entrenado con 6230 muestras, 15 features.
2026-06-10 19:33:12 [INFO] training.trainer — Walk-forward promedio — Sharpe: -2.380 | Win rate: 0.495 | Drawdown: 0.015
2026-06-10 19:33:12 [INFO] training.trainer — Modelo entrenado con 7476 muestras, 15 features.
2026-06-10 19:33:12 [INFO] training.trainer — OOS — Sharpe: -9.346 | Win rate: 0.486 | Drawdown: 0.015 | Profit factor: 0.871
2026-06-10 19:33:12 [WARNING] training.trainer — Umbrales mínimos: Sharpe>=0.80 (got -9.346) | WinRate>=0.48 (got 0.486) | Drawdown<=0.12 (got 0.015)
2026-06-10 19:33:12 [WARNING] training.trainer — El modelo NO supera los umbrales mínimos. No se guarda.
2026-06-10 19:33:12 [INFO] __main__ — Entrenamiento completado. Modelo anterior conservado.
2026-06-10 19:33:12 [INFO] data.mt5_connector — MT5 desconectado.
2026-06-10 19:33:12 [INFO] __main__ — ━━━━━━━━━━━━━━━━━━━━━━━━━━━━━━━━━━━━━━━━━━━━━━━
2026-06-10 19:33:12 [INFO] __main__ — BOT DE ENTRENAMIENTO — FIN
2026-06-10 19:33:12 [INFO] __main__ — ━━━━━━━━━━━━━━━━━━━━━━━━━━━━━━━━━━━━━━━━━━━━━━━
2026-06-10 19:34:11 [INFO] __main__ — ━━━━━━━━━━━━━━━━━━━━━━━━━━━━━━━━━━━━━━━━━━━━━━━
2026-06-10 19:34:11 [INFO] __main__ — BOT DE ENTRENAMIENTO — INICIO
2026-06-10 19:34:11 [INFO] __main__ — ━━━━━━━━━━━━━━━━━━━━━━━━━━━━━━━━━━━━━━━━━━━━━━━
2026-06-10 19:34:11 [INFO] data.mt5_connector — MT5 conectado — build 5836, cuenta: 101396200
2026-06-10 19:34:11 [INFO] data.mt5_connector — Descargando 200000 velas de EURUSD M5...
2026-06-10 19:34:11 [INFO] data.mt5_connector — Descargadas 100001 velas. Rango: 2025-02-05 21:10:00 → 2026-06-11 02:30:00
2026-06-10 19:34:11 [INFO] features.indicators — Indicadores calculados. Filas resultantes: 99972
2026-06-10 19:34:11 [INFO] training.labeler — Etiquetas generadas — HOLD: 42241 | BUY: 28958 | SELL: 28757 | NaN: 16
2026-06-10 19:34:11 [INFO] __main__ — Distribución de etiquetas: {'HOLD': 42.26, 'BUY': 28.97, 'SELL': 28.77}
2026-06-10 19:34:11 [INFO] training.dataset — Dataset construido: 99956 filas, 15 features.
2026-06-10 19:34:11 [INFO] training.dataset — Balance de clases — HOLD: 42241 (42.3%) | BUY: 28958 (29.0%) | SELL: 28757 (28.8%)
2026-06-10 19:34:11 [INFO] __main__ — Operaciones históricas en SQLite: 0
2026-06-10 19:34:11 [INFO] training.trainer — === Iniciando entrenamiento ===
2026-06-10 19:34:11 [INFO] training.dataset — Train/Test split — Train: 79964 filas (2025-02-05 23:35:00 → 2026-03-05 15:10:00) | Test: 19992 filas (2026-03-05 15:15:00 → 2026-06-11 01:10:00)
2026-06-10 19:34:11 [INFO] training.trainer — Walk-forward validation con 8 folds...
2026-06-10 19:34:12 [INFO] training.trainer — Modelo entrenado con 8884 muestras, 15 features.
2026-06-10 19:34:13 [INFO] training.trainer — Modelo entrenado con 17768 muestras, 15 features.
2026-06-10 19:34:15 [INFO] training.trainer — Modelo entrenado con 26652 muestras, 15 features.
2026-06-10 19:34:16 [INFO] training.trainer — Modelo entrenado con 35536 muestras, 15 features.
2026-06-10 19:34:18 [INFO] training.trainer — Modelo entrenado con 44420 muestras, 15 features.
2026-06-10 19:34:20 [INFO] training.trainer — Modelo entrenado con 53304 muestras, 15 features.
2026-06-10 19:34:22 [INFO] training.trainer — Modelo entrenado con 62188 muestras, 15 features.
2026-06-10 19:34:24 [INFO] training.trainer — Modelo entrenado con 71072 muestras, 15 features.
2026-06-10 19:34:24 [INFO] training.trainer — Walk-forward promedio — Sharpe: 1.001 | Win rate: 0.504 | Drawdown: 0.024
2026-06-10 19:34:26 [INFO] training.trainer — Modelo entrenado con 79964 muestras, 15 features.
2026-06-10 19:34:26 [INFO] training.trainer — OOS — Sharpe: -2.784 | Win rate: 0.498 | Drawdown: 0.049 | Profit factor: 0.958
2026-06-10 19:34:26 [WARNING] training.trainer — Umbrales mínimos: Sharpe>=1.00 (got -2.784) | WinRate>=0.50 (got 0.498) | Drawdown<=0.15 (got 0.049)
2026-06-10 19:34:26 [WARNING] training.trainer — El modelo NO supera los umbrales mínimos. No se guarda.
2026-06-10 19:34:26 [INFO] __main__ — Entrenamiento completado. Modelo anterior conservado.
2026-06-10 19:34:26 [INFO] data.mt5_connector — MT5 desconectado.
2026-06-10 19:34:26 [INFO] __main__ — ━━━━━━━━━━━━━━━━━━━━━━━━━━━━━━━━━━━━━━━━━━━━━━━
2026-06-10 19:34:26 [INFO] __main__ — BOT DE ENTRENAMIENTO — FIN
2026-06-10 19:34:26 [INFO] __main__ — ━━━━━━━━━━━━━━━━━━━━━━━━━━━━━━━━━━━━━━━━━━━━━━━
2026-06-10 19:45:34 [INFO] __main__ — ━━━━━━━━━━━━━━━━━━━━━━━━━━━━━━━━━━━━━━━━━━━━━━━
2026-06-10 19:45:34 [INFO] __main__ — BOT DE ENTRENAMIENTO — INICIO
2026-06-10 19:45:34 [INFO] __main__ — ━━━━━━━━━━━━━━━━━━━━━━━━━━━━━━━━━━━━━━━━━━━━━━━
2026-06-10 19:45:34 [INFO] data.mt5_connector — MT5 conectado — build 5836, cuenta: 101396200
2026-06-10 19:45:34 [INFO] data.mt5_connector — Descargando 200000 velas de EURUSD M5...
2026-06-10 19:45:34 [INFO] data.mt5_connector — Descargadas 100004 velas. Rango: 2025-02-05 21:10:00 → 2026-06-11 02:45:00
2026-06-10 19:45:34 [INFO] features.indicators — Indicadores calculados. Filas resultantes: 99975
2026-06-10 19:45:34 [INFO] training.labeler — Etiquetas generadas — HOLD: 42241 | BUY: 28961 | SELL: 28757 | NaN: 16
2026-06-10 19:45:34 [INFO] __main__ — Distribución de etiquetas: {'HOLD': 42.26, 'BUY': 28.97, 'SELL': 28.77}
2026-06-10 19:45:34 [INFO] training.dataset — Dataset construido: 99959 filas, 15 features.
2026-06-10 19:45:34 [INFO] training.dataset — Balance de clases — HOLD: 42241 (42.3%) | BUY: 28961 (29.0%) | SELL: 28757 (28.8%)
2026-06-10 19:45:34 [INFO] __main__ — Operaciones históricas en SQLite: 0
2026-06-10 19:45:34 [INFO] training.trainer — === Iniciando entrenamiento ===
2026-06-10 19:45:34 [INFO] training.dataset — Train/Test split — Train: 79967 filas (2025-02-05 23:35:00 → 2026-03-05 15:25:00) | Test: 19992 filas (2026-03-05 15:30:00 → 2026-06-11 01:25:00)
2026-06-10 19:45:34 [INFO] training.trainer — Walk-forward validation con 8 folds...
2026-06-10 19:45:35 [INFO] training.trainer — Modelo entrenado con 8885 muestras, 15 features.
2026-06-10 19:45:36 [INFO] training.trainer — Modelo entrenado con 17770 muestras, 15 features.
2026-06-10 19:45:37 [INFO] training.trainer — Modelo entrenado con 26655 muestras, 15 features.
2026-06-10 19:45:39 [INFO] training.trainer — Modelo entrenado con 35540 muestras, 15 features.
2026-06-10 19:45:40 [INFO] training.trainer — Modelo entrenado con 44425 muestras, 15 features.
2026-06-10 19:45:42 [INFO] training.trainer — Modelo entrenado con 53310 muestras, 15 features.
2026-06-10 19:45:45 [INFO] training.trainer — Modelo entrenado con 62195 muestras, 15 features.
2026-06-10 19:45:47 [INFO] training.trainer — Modelo entrenado con 71080 muestras, 15 features.
2026-06-10 19:45:47 [INFO] training.trainer — Walk-forward promedio — Sharpe: 1.128 | Win rate: 0.506 | Drawdown: 0.020
2026-06-10 19:45:50 [INFO] training.trainer — Modelo entrenado con 79967 muestras, 15 features.
2026-06-10 19:45:50 [INFO] training.trainer — OOS — Sharpe: -2.225 | Win rate: 0.501 | Drawdown: 0.045 | Profit factor: 0.967
2026-06-10 19:45:50 [WARNING] training.trainer — Umbrales mínimos: Sharpe>=1.00 (got -2.225) | WinRate>=0.50 (got 0.501) | Drawdown<=0.15 (got 0.045)
2026-06-10 19:45:50 [WARNING] training.trainer — El modelo NO supera los umbrales mínimos. No se guarda.
2026-06-10 19:45:50 [INFO] __main__ — Entrenamiento completado. Modelo anterior conservado.
2026-06-10 19:45:50 [INFO] data.mt5_connector — MT5 desconectado.
2026-06-10 19:45:50 [INFO] __main__ — ━━━━━━━━━━━━━━━━━━━━━━━━━━━━━━━━━━━━━━━━━━━━━━━
2026-06-10 19:45:50 [INFO] __main__ — BOT DE ENTRENAMIENTO — FIN
2026-06-10 19:45:50 [INFO] __main__ — ━━━━━━━━━━━━━━━━━━━━━━━━━━━━━━━━━━━━━━━━━━━━━━━
2026-06-10 19:48:53 [INFO] __main__ — ━━━━━━━━━━━━━━━━━━━━━━━━━━━━━━━━━━━━━━━━━━━━━━━
2026-06-10 19:48:53 [INFO] __main__ — BOT DE ENTRENAMIENTO — INICIO
2026-06-10 19:48:53 [INFO] __main__ — ━━━━━━━━━━━━━━━━━━━━━━━━━━━━━━━━━━━━━━━━━━━━━━━
2026-06-10 19:48:53 [INFO] data.mt5_connector — MT5 conectado — build 5836, cuenta: 101396200
2026-06-10 19:48:53 [INFO] data.mt5_connector — Descargando 200000 velas de EURUSD M5...
2026-06-10 19:48:53 [INFO] data.mt5_connector — Descargadas 100004 velas. Rango: 2025-02-05 21:10:00 → 2026-06-11 02:45:00
2026-06-10 19:48:53 [INFO] features.indicators — Indicadores calculados. Filas resultantes: 99975
2026-06-10 19:48:53 [INFO] training.labeler — Etiquetas generadas — HOLD: 42242 | BUY: 28960 | SELL: 28757 | NaN: 16
2026-06-10 19:48:53 [INFO] __main__ — Distribución de etiquetas: {'HOLD': 42.26, 'BUY': 28.97, 'SELL': 28.77}
2026-06-10 19:48:53 [INFO] training.dataset — Dataset construido: 99959 filas, 15 features.
2026-06-10 19:48:53 [INFO] training.dataset — Balance de clases — HOLD: 42242 (42.3%) | BUY: 28960 (29.0%) | SELL: 28757 (28.8%)
2026-06-10 19:48:53 [INFO] __main__ — Operaciones históricas en SQLite: 0
2026-06-10 19:48:53 [INFO] training.trainer — === Iniciando entrenamiento ===
2026-06-10 19:48:53 [INFO] training.dataset — Train/Test split — Train: 79967 filas (2025-02-05 23:35:00 → 2026-03-05 15:25:00) | Test: 19992 filas (2026-03-05 15:30:00 → 2026-06-11 01:25:00)
2026-06-10 19:48:53 [INFO] training.trainer — Walk-forward validation con 8 folds...
2026-06-10 19:48:54 [INFO] training.trainer — Modelo entrenado con 8885 muestras, 15 features.
2026-06-10 19:48:54 [INFO] training.trainer — Modelo entrenado con 17770 muestras, 15 features.
2026-06-10 19:48:55 [INFO] training.trainer — Modelo entrenado con 26655 muestras, 15 features.
2026-06-10 19:48:56 [INFO] training.trainer — Modelo entrenado con 35540 muestras, 15 features.
2026-06-10 19:48:56 [INFO] training.trainer — Modelo entrenado con 44425 muestras, 15 features.
2026-06-10 19:48:57 [INFO] training.trainer — Modelo entrenado con 53310 muestras, 15 features.
2026-06-10 19:48:58 [INFO] training.trainer — Modelo entrenado con 62195 muestras, 15 features.
2026-06-10 19:48:59 [INFO] training.trainer — Modelo entrenado con 71080 muestras, 15 features.
2026-06-10 19:48:59 [INFO] training.trainer — Walk-forward promedio — Sharpe: 2.088 | Win rate: 0.501 | Drawdown: 0.021
2026-06-10 19:49:01 [INFO] training.trainer — Modelo entrenado con 79967 muestras, 15 features.
2026-06-10 19:49:01 [INFO] training.trainer — OOS — Sharpe: -1.143 | Win rate: 0.501 | Drawdown: 0.031 | Profit factor: 0.983
2026-06-10 19:49:01 [WARNING] training.trainer — Umbrales mínimos: Sharpe>=1.00 (got -1.143) | WinRate>=0.50 (got 0.501) | Drawdown<=0.15 (got 0.031)
2026-06-10 19:49:01 [WARNING] training.trainer — El modelo NO supera los umbrales mínimos. No se guarda.
2026-06-10 19:49:01 [INFO] __main__ — Entrenamiento completado. Modelo anterior conservado.
2026-06-10 19:49:01 [INFO] data.mt5_connector — MT5 desconectado.
2026-06-10 19:49:01 [INFO] __main__ — ━━━━━━━━━━━━━━━━━━━━━━━━━━━━━━━━━━━━━━━━━━━━━━━
2026-06-10 19:49:01 [INFO] __main__ — BOT DE ENTRENAMIENTO — FIN
2026-06-10 19:49:01 [INFO] __main__ — ━━━━━━━━━━━━━━━━━━━━━━━━━━━━━━━━━━━━━━━━━━━━━━━
2026-06-10 20:04:18 [INFO] __main__ — ━━━━━━━━━━━━━━━━━━━━━━━━━━━━━━━━━━━━━━━━━━━━━━━
2026-06-10 20:04:18 [INFO] __main__ — BOT DE ENTRENAMIENTO — INICIO (modo optimización)
2026-06-10 20:04:18 [INFO] __main__ — ━━━━━━━━━━━━━━━━━━━━━━━━━━━━━━━━━━━━━━━━━━━━━━━
2026-06-10 20:04:18 [INFO] data.mt5_connector — MT5 conectado — build 5836, cuenta: 101396200
2026-06-10 20:04:18 [INFO] data.mt5_connector — Descargando 200000 velas de EURUSD M5...
2026-06-10 20:04:18 [INFO] data.mt5_connector — Descargadas 100007 velas. Rango: 2025-02-05 21:10:00 → 2026-06-11 03:00:00
2026-06-10 20:04:19 [INFO] __main__ — Iniciando búsqueda de parámetros con Optuna (50 trials)...
2026-06-10 20:04:19 [INFO] training.optimizer — === Optimización iniciada — 50 trials ===
2026-06-10 20:04:21 [INFO] training.optimizer — Trial 1/50 — Sharpe: 24.0959 | Mejor hasta ahora: 24.0959
2026-06-10 20:04:24 [INFO] training.optimizer — Trial 2/50 — Sharpe: -0.3900 | Mejor hasta ahora: 24.0959
2026-06-10 20:04:27 [INFO] training.optimizer — Trial 3/50 — Sharpe: 7.8784 | Mejor hasta ahora: 24.0959
2026-06-10 20:04:28 [INFO] training.optimizer — Trial 4/50 — Sharpe: 0.9460 | Mejor hasta ahora: 24.0959
2026-06-10 20:04:33 [INFO] training.optimizer — Trial 5/50 — Sharpe: -0.7456 | Mejor hasta ahora: 24.0959
2026-06-10 20:04:35 [INFO] training.optimizer — Trial 6/50 — Sharpe: 0.5114 | Mejor hasta ahora: 24.0959
2026-06-10 20:04:38 [INFO] training.optimizer — Trial 7/50 — Sharpe: -4.3384 | Mejor hasta ahora: 24.0959
2026-06-10 20:04:39 [INFO] training.optimizer — Trial 8/50 — Sharpe: 1.3564 | Mejor hasta ahora: 24.0959
2026-06-10 20:04:42 [INFO] training.optimizer — Trial 9/50 — Sharpe: 1.6656 | Mejor hasta ahora: 24.0959
2026-06-10 20:04:48 [INFO] training.optimizer — Trial 10/50 — Sharpe: 0.8257 | Mejor hasta ahora: 24.0959
2026-06-10 20:04:53 [INFO] training.optimizer — Trial 11/50 — Sharpe: -2.3290 | Mejor hasta ahora: 24.0959
2026-06-10 20:04:56 [INFO] training.optimizer — Trial 12/50 — Sharpe: 0.1105 | Mejor hasta ahora: 24.0959
2026-06-10 20:05:00 [INFO] training.optimizer — Trial 13/50 — Sharpe: 1.6061 | Mejor hasta ahora: 24.0959
2026-06-10 20:05:02 [INFO] training.optimizer — Trial 14/50 — Sharpe: -5.1108 | Mejor hasta ahora: 24.0959
2026-06-10 20:05:07 [INFO] training.optimizer — Trial 15/50 — Sharpe: 9.9560 | Mejor hasta ahora: 24.0959
2026-06-10 20:05:12 [INFO] training.optimizer — Trial 16/50 — Sharpe: 1.5903 | Mejor hasta ahora: 24.0959
2026-06-10 20:05:14 [INFO] training.optimizer — Trial 17/50 — Sharpe: -28.3365 | Mejor hasta ahora: 24.0959
2026-06-10 20:05:16 [INFO] training.optimizer — Trial 18/50 — Sharpe: -3.0670 | Mejor hasta ahora: 24.0959
2026-06-10 20:05:21 [INFO] training.optimizer — Trial 19/50 — Sharpe: 1.6278 | Mejor hasta ahora: 24.0959
2026-06-10 20:05:26 [INFO] training.optimizer — Trial 20/50 — Sharpe: -3.4152 | Mejor hasta ahora: 24.0959
2026-06-10 20:05:28 [INFO] training.optimizer — Trial 21/50 — Sharpe: 3.9116 | Mejor hasta ahora: 24.0959
2026-06-10 20:05:32 [INFO] training.optimizer — Trial 22/50 — Sharpe: 0.5688 | Mejor hasta ahora: 24.0959
2026-06-10 20:05:36 [INFO] training.optimizer — Trial 23/50 — Sharpe: 7.3542 | Mejor hasta ahora: 24.0959
2026-06-10 20:05:41 [INFO] training.optimizer — Trial 24/50 — Sharpe: 2.4766 | Mejor hasta ahora: 24.0959
2026-06-10 20:05:48 [INFO] training.optimizer — Trial 25/50 — Sharpe: -1.8800 | Mejor hasta ahora: 24.0959
2026-06-10 20:05:50 [INFO] training.optimizer — Trial 26/50 — Sharpe: -16.9796 | Mejor hasta ahora: 24.0959
2026-06-10 20:05:53 [INFO] training.optimizer — Trial 27/50 — Sharpe: 1.1707 | Mejor hasta ahora: 24.0959
2026-06-10 20:05:57 [INFO] training.optimizer — Trial 28/50 — Sharpe: -0.6737 | Mejor hasta ahora: 24.0959
2026-06-10 20:06:02 [INFO] training.optimizer — Trial 29/50 — Sharpe: -0.4374 | Mejor hasta ahora: 24.0959
2026-06-10 20:06:06 [INFO] training.optimizer — Trial 30/50 — Sharpe: 2.6166 | Mejor hasta ahora: 24.0959
2026-06-10 20:06:09 [INFO] training.optimizer — Trial 31/50 — Sharpe: -0.2301 | Mejor hasta ahora: 24.0959
2026-06-10 20:06:13 [INFO] training.optimizer — Trial 32/50 — Sharpe: -30.0450 | Mejor hasta ahora: 24.0959
2026-06-10 20:06:16 [INFO] training.optimizer — Trial 33/50 — Sharpe: -4.0900 | Mejor hasta ahora: 24.0959
2026-06-10 20:06:20 [INFO] training.optimizer — Trial 34/50 — Sharpe: -33.4532 | Mejor hasta ahora: 24.0959
2026-06-10 20:06:23 [INFO] training.optimizer — Trial 35/50 — Sharpe: 3.6374 | Mejor hasta ahora: 24.0959
2026-06-10 20:06:25 [INFO] training.optimizer — Trial 36/50 — Sharpe: -3.7668 | Mejor hasta ahora: 24.0959
2026-06-10 20:06:31 [INFO] training.optimizer — Trial 37/50 — Sharpe: 2.3114 | Mejor hasta ahora: 24.0959
2026-06-10 20:06:32 [INFO] training.optimizer — Trial 38/50 — Sharpe: -0.2826 | Mejor hasta ahora: 24.0959
2026-06-10 20:06:36 [INFO] training.optimizer — Trial 39/50 — Sharpe: -0.2401 | Mejor hasta ahora: 24.0959
2026-06-10 20:06:42 [INFO] training.optimizer — Trial 40/50 — Sharpe: -11.3808 | Mejor hasta ahora: 24.0959
2026-06-10 20:06:44 [INFO] training.optimizer — Trial 41/50 — Sharpe: 4.6943 | Mejor hasta ahora: 24.0959
2026-06-10 20:06:46 [INFO] training.optimizer — Trial 42/50 — Sharpe: 6.0066 | Mejor hasta ahora: 24.0959
2026-06-10 20:06:48 [INFO] training.optimizer — Trial 43/50 — Sharpe: -0.4077 | Mejor hasta ahora: 24.0959
2026-06-10 20:06:50 [INFO] training.optimizer — Trial 44/50 — Sharpe: 5.7242 | Mejor hasta ahora: 24.0959
2026-06-10 20:06:51 [INFO] training.optimizer — Trial 45/50 — Sharpe: 0.0000 | Mejor hasta ahora: 24.0959
2026-06-10 20:06:53 [INFO] training.optimizer — Trial 46/50 — Sharpe: 1.0593 | Mejor hasta ahora: 24.0959
2026-06-10 20:06:57 [INFO] training.optimizer — Trial 47/50 — Sharpe: -7.0567 | Mejor hasta ahora: 24.0959
2026-06-10 20:06:58 [INFO] training.optimizer — Trial 48/50 — Sharpe: 6.0460 | Mejor hasta ahora: 24.0959
2026-06-10 20:07:00 [INFO] training.optimizer — Trial 49/50 — Sharpe: 5.9322 | Mejor hasta ahora: 24.0959
2026-06-10 20:07:05 [INFO] training.optimizer — Trial 50/50 — Sharpe: 1.2085 | Mejor hasta ahora: 24.0959
2026-06-10 20:07:05 [INFO] training.optimizer — Optimización completada — Mejor Sharpe: 24.0959
2026-06-10 20:07:05 [INFO] training.optimizer — Mejores parámetros: {'LABEL_HORIZON': 10, 'LABEL_THRESHOLD': 0.0009605714451279329, 'RSI_PERIOD': 23, 'EMA_FAST': 22, 'EMA_SLOW': 45, 'BB_PERIOD': 13, 'n_estimators': 123, 'max_depth': 6, 'learning_rate': 0.039913058785616795, 'subsample': 0.8540362888980227, 'colsample_bytree': 0.5102922471479012, 'reg_lambda': 8.706020878304859}
2026-06-10 20:07:05 [INFO] training.optimizer — Mejores parámetros guardados en C:\Users\ferna\Desktop\BOTS\botentrenamiento\models\best_params.json
2026-06-10 20:07:05 [INFO] training.optimizer — config.py actualizado con los mejores parámetros de Optuna.
2026-06-10 20:07:05 [INFO] __main__ — Parámetros optimizados aplicados a config.py.
2026-06-10 20:07:05 [INFO] features.indicators — Indicadores calculados. Filas resultantes: 99978
2026-06-10 20:07:05 [INFO] training.labeler — Etiquetas generadas — HOLD: 42244 | BUY: 28961 | SELL: 28757 | NaN: 16
2026-06-10 20:07:05 [INFO] __main__ — Distribución de etiquetas: {'HOLD': 42.26, 'BUY': 28.97, 'SELL': 28.77}
2026-06-10 20:07:05 [INFO] training.dataset — Dataset construido: 99962 filas, 15 features.
2026-06-10 20:07:05 [INFO] training.dataset — Balance de clases — HOLD: 42244 (42.3%) | BUY: 28961 (29.0%) | SELL: 28757 (28.8%)
2026-06-10 20:07:05 [INFO] __main__ — Operaciones históricas en SQLite: 0
2026-06-10 20:07:05 [INFO] training.trainer — === Iniciando entrenamiento ===
2026-06-10 20:07:05 [INFO] training.dataset — Train/Test split — Train: 79969 filas (2025-02-05 23:35:00 → 2026-03-05 15:35:00) | Test: 19993 filas (2026-03-05 15:40:00 → 2026-06-11 01:40:00)
2026-06-10 20:07:05 [INFO] training.trainer — Walk-forward validation con 8 folds...
2026-06-10 20:07:05 [INFO] training.trainer — Modelo entrenado con 8885 muestras, 15 features.
2026-06-10 20:07:06 [INFO] training.trainer — Modelo entrenado con 17770 muestras, 15 features.
2026-06-10 20:07:06 [INFO] training.trainer — Modelo entrenado con 26655 muestras, 15 features.
2026-06-10 20:07:07 [INFO] training.trainer — Modelo entrenado con 35540 muestras, 15 features.
2026-06-10 20:07:08 [INFO] training.trainer — Modelo entrenado con 44425 muestras, 15 features.
2026-06-10 20:07:09 [INFO] training.trainer — Modelo entrenado con 53310 muestras, 15 features.
2026-06-10 20:07:10 [INFO] training.trainer — Modelo entrenado con 62195 muestras, 15 features.
2026-06-10 20:07:11 [INFO] training.trainer — Modelo entrenado con 71080 muestras, 15 features.
2026-06-10 20:07:11 [INFO] training.trainer — Walk-forward promedio — Sharpe: 2.109 | Win rate: 0.501 | Drawdown: 0.021
2026-06-10 20:07:13 [INFO] training.trainer — Modelo entrenado con 79969 muestras, 15 features.
2026-06-10 20:07:13 [INFO] training.trainer — OOS — Sharpe: -2.645 | Win rate: 0.496 | Drawdown: 0.036 | Profit factor: 0.961
2026-06-10 20:07:13 [WARNING] training.trainer — Umbrales mínimos: Sharpe>=1.00 (got -2.645) | WinRate>=0.50 (got 0.496) | Drawdown<=0.15 (got 0.036)
2026-06-10 20:07:13 [WARNING] training.trainer — El modelo NO supera los umbrales mínimos. No se guarda.
2026-06-10 20:07:13 [INFO] __main__ — Entrenamiento completado. Modelo anterior conservado.
2026-06-10 20:07:13 [INFO] data.mt5_connector — MT5 desconectado.
2026-06-10 20:07:13 [INFO] __main__ — ━━━━━━━━━━━━━━━━━━━━━━━━━━━━━━━━━━━━━━━━━━━━━━━
2026-06-10 20:07:13 [INFO] __main__ — BOT DE ENTRENAMIENTO — FIN
2026-06-10 20:07:13 [INFO] __main__ — ━━━━━━━━━━━━━━━━━━━━━━━━━━━━━━━━━━━━━━━━━━━━━━━
2026-06-10 20:16:14 [INFO] __main__ — ━━━━━━━━━━━━━━━━━━━━━━━━━━━━━━━━━━━━━━━━━━━━━━━
2026-06-10 20:16:14 [INFO] __main__ — BOT DE ENTRENAMIENTO — INICIO (modo optimización)
2026-06-10 20:16:14 [INFO] __main__ — ━━━━━━━━━━━━━━━━━━━━━━━━━━━━━━━━━━━━━━━━━━━━━━━
2026-06-10 20:16:14 [INFO] data.mt5_connector — MT5 conectado — build 5836, cuenta: 101396200
2026-06-10 20:16:14 [INFO] data.mt5_connector — Descargando 200000 velas de EURUSD M5...
2026-06-10 20:16:14 [INFO] data.mt5_connector — Descargadas 100010 velas. Rango: 2025-02-05 21:10:00 → 2026-06-11 03:15:00
2026-06-10 20:16:14 [INFO] __main__ — Iniciando búsqueda de parámetros con Optuna (50 trials)...
2026-06-10 20:16:18 [INFO] training.optimizer — === Optimización iniciada — 50 trials nuevos (ya probados: 0, total: 50) ===
2026-06-10 20:16:20 [INFO] training.optimizer — Trial 1/50 — Sharpe: 28.7964 | Mejor: 28.7964
2026-06-10 20:16:23 [INFO] training.optimizer — Trial 2/50 — Sharpe: -0.1604 | Mejor: 28.7964
2026-06-10 20:16:26 [INFO] training.optimizer — Trial 3/50 — Sharpe: 7.8784 | Mejor: 28.7964
2026-06-10 20:16:28 [INFO] training.optimizer — Trial 4/50 — Sharpe: 1.3147 | Mejor: 28.7964
2026-06-10 20:16:33 [INFO] training.optimizer — Trial 5/50 — Sharpe: -0.2911 | Mejor: 28.7964
2026-06-10 20:16:35 [INFO] training.optimizer — Trial 6/50 — Sharpe: 0.5114 | Mejor: 28.7964
2026-06-10 20:16:38 [INFO] training.optimizer — Trial 7/50 — Sharpe: -4.1480 | Mejor: 28.7964
2026-06-10 20:16:40 [INFO] training.optimizer — Trial 8/50 — Sharpe: 0.8562 | Mejor: 28.7964
2026-06-10 20:16:42 [INFO] training.optimizer — Trial 9/50 — Sharpe: 1.6656 | Mejor: 28.7964
2026-06-10 20:16:48 [INFO] training.optimizer — Trial 10/50 — Sharpe: 0.5685 | Mejor: 28.7964
2026-06-10 20:16:53 [INFO] training.optimizer — Trial 11/50 — Sharpe: -2.3290 | Mejor: 28.7964
2026-06-10 20:16:57 [INFO] training.optimizer — Trial 12/50 — Sharpe: 1.3526 | Mejor: 28.7964
2026-06-10 20:17:01 [INFO] training.optimizer — Trial 13/50 — Sharpe: 4.9037 | Mejor: 28.7964
2026-06-10 20:17:03 [INFO] training.optimizer — Trial 14/50 — Sharpe: -1.5601 | Mejor: 28.7964
2026-06-10 20:17:08 [INFO] training.optimizer — Trial 15/50 — Sharpe: 2.5383 | Mejor: 28.7964
2026-06-10 20:17:10 [INFO] training.optimizer — Trial 16/50 — Sharpe: 5.5198 | Mejor: 28.7964
2026-06-10 20:17:11 [INFO] training.optimizer — Trial 17/50 — Sharpe: -4.4940 | Mejor: 28.7964
2026-06-10 20:17:14 [INFO] training.optimizer — Trial 18/50 — Sharpe: -6.5239 | Mejor: 28.7964
2026-06-10 20:17:16 [INFO] training.optimizer — Trial 19/50 — Sharpe: -3.2613 | Mejor: 28.7964
2026-06-10 20:17:20 [INFO] training.optimizer — Trial 20/50 — Sharpe: -2.8306 | Mejor: 28.7964
2026-06-10 20:17:24 [INFO] training.optimizer — Trial 21/50 — Sharpe: -5.4866 | Mejor: 28.7964
2026-06-10 20:17:26 [INFO] training.optimizer — Trial 22/50 — Sharpe: -1.7522 | Mejor: 28.7964
2026-06-10 20:17:27 [INFO] training.optimizer — Trial 23/50 — Sharpe: -6.1388 | Mejor: 28.7964
2026-06-10 20:17:29 [INFO] training.optimizer — Trial 24/50 — Sharpe: -9.0297 | Mejor: 28.7964
2026-06-10 20:17:31 [INFO] training.optimizer — Trial 25/50 — Sharpe: -1.6577 | Mejor: 28.7964
2026-06-10 20:17:32 [INFO] training.optimizer — Trial 26/50 — Sharpe: -2.0741 | Mejor: 28.7964
2026-06-10 20:17:34 [INFO] training.optimizer — Trial 27/50 — Sharpe: 4.1498 | Mejor: 28.7964
2026-06-10 20:17:36 [INFO] training.optimizer — Trial 28/50 — Sharpe: 10.6555 | Mejor: 28.7964
2026-06-10 20:17:39 [INFO] training.optimizer — Trial 29/50 — Sharpe: 0.6796 | Mejor: 28.7964
2026-06-10 20:17:42 [INFO] training.optimizer — Trial 30/50 — Sharpe: 1.5960 | Mejor: 28.7964
2026-06-10 20:17:45 [INFO] training.optimizer — Trial 31/50 — Sharpe: -5.7026 | Mejor: 28.7964
2026-06-10 20:17:47 [INFO] training.optimizer — Trial 32/50 — Sharpe: 5.6538 | Mejor: 28.7964
2026-06-10 20:17:49 [INFO] training.optimizer — Trial 33/50 — Sharpe: 2.6078 | Mejor: 28.7964
2026-06-10 20:17:51 [INFO] training.optimizer — Trial 34/50 — Sharpe: -0.3341 | Mejor: 28.7964
2026-06-10 20:17:54 [INFO] training.optimizer — Trial 35/50 — Sharpe: -4.7296 | Mejor: 28.7964
2026-06-10 20:17:55 [INFO] training.optimizer — Trial 36/50 — Sharpe: -0.4545 | Mejor: 28.7964
2026-06-10 20:17:57 [INFO] training.optimizer — Trial 37/50 — Sharpe: 0.2727 | Mejor: 28.7964
2026-06-10 20:17:59 [INFO] training.optimizer — Trial 38/50 — Sharpe: 17.4964 | Mejor: 28.7964
2026-06-10 20:18:03 [INFO] training.optimizer — Trial 39/50 — Sharpe: 1.0048 | Mejor: 28.7964
2026-06-10 20:18:05 [INFO] training.optimizer — Trial 40/50 — Sharpe: -12.6229 | Mejor: 28.7964
2026-06-10 20:18:09 [INFO] training.optimizer — Trial 41/50 — Sharpe: 5.5198 | Mejor: 28.7964
2026-06-10 20:18:11 [INFO] training.optimizer — Trial 42/50 — Sharpe: 1.3729 | Mejor: 28.7964
2026-06-10 20:18:13 [INFO] training.optimizer — Trial 43/50 — Sharpe: -8.6829 | Mejor: 28.7964
2026-06-10 20:18:15 [INFO] training.optimizer — Trial 44/50 — Sharpe: 5.3817 | Mejor: 28.7964
2026-06-10 20:18:17 [INFO] training.optimizer — Trial 45/50 — Sharpe: -7.3993 | Mejor: 28.7964
2026-06-10 20:18:19 [INFO] training.optimizer — Trial 46/50 — Sharpe: -2.0286 | Mejor: 28.7964
2026-06-10 20:18:20 [INFO] training.optimizer — Trial 47/50 — Sharpe: -0.1196 | Mejor: 28.7964
2026-06-10 20:18:24 [INFO] training.optimizer — Trial 48/50 — Sharpe: -0.0373 | Mejor: 28.7964
2026-06-10 20:18:27 [INFO] training.optimizer — Trial 49/50 — Sharpe: 0.9428 | Mejor: 28.7964
2026-06-10 20:18:32 [INFO] training.optimizer — Trial 50/50 — Sharpe: 1.2068 | Mejor: 28.7964
2026-06-10 20:18:32 [INFO] training.optimizer — Optimización completada — Mejor Sharpe: 28.7964 (sobre 50 trials totales)
2026-06-10 20:18:32 [INFO] training.optimizer — Mejores parámetros: {'LABEL_HORIZON': 10, 'LABEL_THRESHOLD': 0.0009605714451279329, 'RSI_PERIOD': 23, 'EMA_FAST': 22, 'EMA_SLOW': 45, 'BB_PERIOD': 13, 'n_estimators': 123, 'max_depth': 6, 'learning_rate': 0.039913058785616795, 'subsample': 0.8540362888980227, 'colsample_bytree': 0.5102922471479012, 'reg_lambda': 8.706020878304859}
2026-06-10 20:18:32 [INFO] training.optimizer — Mejores parámetros guardados en C:\Users\ferna\Desktop\BOTS\botentrenamiento\models\best_params.json
2026-06-10 20:18:32 [INFO] training.optimizer — config.py actualizado con los mejores parámetros de Optuna.
2026-06-10 20:18:32 [INFO] __main__ — Parámetros optimizados aplicados a config.py.
2026-06-10 20:18:32 [INFO] features.indicators — Indicadores calculados. Filas resultantes: 99981
2026-06-10 20:18:32 [INFO] training.labeler — Etiquetas generadas — HOLD: 82906 | BUY: 8804 | SELL: 8261 | NaN: 10
2026-06-10 20:18:32 [INFO] __main__ — Distribución de etiquetas: {'HOLD': 82.93, 'BUY': 8.81, 'SELL': 8.26}
2026-06-10 20:18:32 [INFO] training.dataset — Dataset construido: 99971 filas, 15 features.
2026-06-10 20:18:32 [INFO] training.dataset — Balance de clases — HOLD: 82906 (82.9%) | BUY: 8804 (8.8%) | SELL: 8261 (8.3%)
2026-06-10 20:18:32 [INFO] __main__ — Operaciones históricas en SQLite: 0
2026-06-10 20:18:32 [INFO] training.trainer — === Iniciando entrenamiento ===
2026-06-10 20:18:32 [INFO] training.dataset — Train/Test split — Train: 79976 filas (2025-02-05 23:35:00 → 2026-03-05 16:10:00) | Test: 19995 filas (2026-03-05 16:15:00 → 2026-06-11 02:25:00)
2026-06-10 20:18:32 [INFO] training.trainer — Walk-forward validation con 8 folds...
2026-06-10 20:18:32 [INFO] training.trainer — Modelo entrenado con 8886 muestras, 15 features.
2026-06-10 20:18:33 [INFO] training.trainer — Modelo entrenado con 17772 muestras, 15 features.
2026-06-10 20:18:33 [INFO] training.trainer — Modelo entrenado con 26658 muestras, 15 features.
2026-06-10 20:18:33 [INFO] training.trainer — Modelo entrenado con 35544 muestras, 15 features.
2026-06-10 20:18:34 [INFO] training.trainer — Modelo entrenado con 44430 muestras, 15 features.
2026-06-10 20:18:34 [INFO] training.trainer — Modelo entrenado con 53316 muestras, 15 features.
2026-06-10 20:18:35 [INFO] training.trainer — Modelo entrenado con 62202 muestras, 15 features.
2026-06-10 20:18:36 [INFO] training.trainer — Modelo entrenado con 71088 muestras, 15 features.
2026-06-10 20:18:36 [INFO] training.trainer — Walk-forward promedio — Sharpe: -2.449 | Win rate: 0.307 | Drawdown: 0.004
2026-06-10 20:18:36 [INFO] training.trainer — Modelo entrenado con 79976 muestras, 15 features.
2026-06-10 20:18:37 [INFO] training.trainer — OOS — Sharpe: 73.740 | Win rate: 0.667 | Drawdown: 0.001 | Profit factor: 2.666
2026-06-10 20:18:37 [INFO] training.trainer — No existe modelo anterior. El nuevo modelo será guardado.
2026-06-10 20:18:37 [INFO] training.trainer — Modelo guardado en C:\Users\ferna\Desktop\BOTS\botentrenamiento\models\model_latest.pkl — Sharpe: 73.740 | Win rate: 0.667 | Drawdown: 0.001
2026-06-10 20:18:37 [INFO] __main__ — Entrenamiento completado. Nuevo modelo guardado.
2026-06-10 20:18:37 [INFO] data.mt5_connector — MT5 desconectado.
2026-06-10 20:18:37 [INFO] __main__ — ━━━━━━━━━━━━━━━━━━━━━━━━━━━━━━━━━━━━━━━━━━━━━━━
2026-06-10 20:18:37 [INFO] __main__ — BOT DE ENTRENAMIENTO — FIN
2026-06-10 20:18:37 [INFO] __main__ — ━━━━━━━━━━━━━━━━━━━━━━━━━━━━━━━━━━━━━━━━━━━━━━━
2026-06-10 20:24:25 [INFO] __main__ — ━━━━━━━━━━━━━━━━━━━━━━━━━━━━━━━━━━━━━━━━━━━━━━━
2026-06-10 20:24:25 [INFO] __main__ — BOT DE ENTRENAMIENTO — INICIO (modo optimización)
2026-06-10 20:24:25 [INFO] __main__ — ━━━━━━━━━━━━━━━━━━━━━━━━━━━━━━━━━━━━━━━━━━━━━━━
2026-06-10 20:24:25 [INFO] data.mt5_connector — MT5 conectado — build 5836, cuenta: 101396200
2026-06-10 20:24:25 [INFO] data.mt5_connector — Descargando 200000 velas de EURUSD M5 en chunks de 50000...
2026-06-10 20:24:25 [INFO] data.mt5_connector —   chunk 1/4 — 50000 velas acumuladas
2026-06-10 20:24:25 [INFO] data.mt5_connector —   chunk 2/4 — 100000 velas acumuladas
2026-06-10 20:24:25 [INFO] data.mt5_connector —   chunk 3/4 — 100011 velas acumuladas
2026-06-10 20:24:25 [WARNING] data.mt5_connector — Broker devolvió 11 en lugar de 50000 — datos agotados.
2026-06-10 20:24:25 [INFO] data.mt5_connector — Total descargado: 100011 velas. Rango: 2025-02-05 21:10:00 → 2026-06-11 03:20:00
2026-06-10 20:24:25 [INFO] __main__ — Iniciando búsqueda de parámetros con Optuna (100 trials)...
2026-06-10 20:24:25 [INFO] training.optimizer — === Optimización iniciada — 100 trials nuevos (ya probados: 0, total: 100) ===
2026-06-10 20:24:27 [INFO] training.optimizer — Trial 1/100 — Sharpe: 28.7964 | Mejor: 28.7964
2026-06-10 20:24:30 [INFO] training.optimizer — Trial 2/100 — Sharpe: -0.1604 | Mejor: 28.7964
2026-06-10 20:24:33 [INFO] training.optimizer — Trial 3/100 — Sharpe: 6.3559 | Mejor: 28.7964
2026-06-10 20:24:35 [INFO] training.optimizer — Trial 4/100 — Sharpe: 1.3147 | Mejor: 28.7964
2026-06-10 20:24:40 [INFO] training.optimizer — Trial 5/100 — Sharpe: -0.2911 | Mejor: 28.7964
2026-06-10 20:24:42 [INFO] training.optimizer — Trial 6/100 — Sharpe: 1.5995 | Mejor: 28.7964
2026-06-10 20:24:44 [INFO] training.optimizer — Trial 7/100 — Sharpe: -4.1480 | Mejor: 28.7964
2026-06-10 20:24:46 [INFO] training.optimizer — Trial 8/100 — Sharpe: 0.8562 | Mejor: 28.7964
2026-06-10 20:24:49 [INFO] training.optimizer — Trial 9/100 — Sharpe: 1.4119 | Mejor: 28.7964
2026-06-10 20:24:55 [INFO] training.optimizer — Trial 10/100 — Sharpe: 0.5685 | Mejor: 28.7964
2026-06-10 20:25:00 [INFO] training.optimizer — Trial 11/100 — Sharpe: -1.6906 | Mejor: 28.7964
2026-06-10 20:25:03 [INFO] training.optimizer — Trial 12/100 — Sharpe: 1.3526 | Mejor: 28.7964
2026-06-10 20:25:07 [INFO] training.optimizer — Trial 13/100 — Sharpe: 4.9037 | Mejor: 28.7964
2026-06-10 20:25:09 [INFO] training.optimizer — Trial 14/100 — Sharpe: -1.5601 | Mejor: 28.7964
2026-06-10 20:25:14 [INFO] training.optimizer — Trial 15/100 — Sharpe: 2.5383 | Mejor: 28.7964
2026-06-10 20:25:16 [INFO] training.optimizer — Trial 16/100 — Sharpe: 0.5286 | Mejor: 28.7964
2026-06-10 20:25:17 [INFO] training.optimizer — Trial 17/100 — Sharpe: -4.4940 | Mejor: 28.7964
2026-06-10 20:25:20 [INFO] training.optimizer — Trial 18/100 — Sharpe: -6.7615 | Mejor: 28.7964
2026-06-10 20:25:22 [INFO] training.optimizer — Trial 19/100 — Sharpe: -3.2613 | Mejor: 28.7964
2026-06-10 20:25:26 [INFO] training.optimizer — Trial 20/100 — Sharpe: -2.8306 | Mejor: 28.7964
2026-06-10 20:25:30 [INFO] training.optimizer — Trial 21/100 — Sharpe: -5.4866 | Mejor: 28.7964
2026-06-10 20:25:34 [INFO] training.optimizer — Trial 22/100 — Sharpe: 4.5781 | Mejor: 28.7964
2026-06-10 20:25:37 [INFO] training.optimizer — Trial 23/100 — Sharpe: -6.5212 | Mejor: 28.7964
2026-06-10 20:25:40 [INFO] training.optimizer — Trial 24/100 — Sharpe: 2.1007 | Mejor: 28.7964
2026-06-10 20:25:44 [INFO] training.optimizer — Trial 25/100 — Sharpe: 12.8961 | Mejor: 28.7964
2026-06-10 20:25:49 [INFO] training.optimizer — Trial 26/100 — Sharpe: 2.8777 | Mejor: 28.7964
2026-06-10 20:25:52 [INFO] training.optimizer — Trial 27/100 — Sharpe: 6.5757 | Mejor: 28.7964
2026-06-10 20:25:55 [INFO] training.optimizer — Trial 28/100 — Sharpe: 2.8709 | Mejor: 28.7964
2026-06-10 20:25:57 [INFO] training.optimizer — Trial 29/100 — Sharpe: 5.9602 | Mejor: 28.7964
2026-06-10 20:26:00 [INFO] training.optimizer — Trial 30/100 — Sharpe: -0.1917 | Mejor: 28.7964
2026-06-10 20:26:04 [INFO] training.optimizer — Trial 31/100 — Sharpe: -1.1143 | Mejor: 28.7964
2026-06-10 20:26:09 [INFO] training.optimizer — Trial 32/100 — Sharpe: -0.3202 | Mejor: 28.7964
2026-06-10 20:26:12 [INFO] training.optimizer — Trial 33/100 — Sharpe: 4.0975 | Mejor: 28.7964
2026-06-10 20:26:18 [INFO] training.optimizer — Trial 34/100 — Sharpe: 4.6410 | Mejor: 28.7964
2026-06-10 20:26:19 [INFO] training.optimizer — Trial 35/100 — Sharpe: -9.5997 | Mejor: 28.7964
2026-06-10 20:26:23 [INFO] training.optimizer — Trial 36/100 — Sharpe: 2.0583 | Mejor: 28.7964
2026-06-10 20:26:25 [INFO] training.optimizer — Trial 37/100 — Sharpe: 5.8462 | Mejor: 28.7964
2026-06-10 20:26:28 [INFO] training.optimizer — Trial 38/100 — Sharpe: 0.1589 | Mejor: 28.7964
2026-06-10 20:26:30 [INFO] training.optimizer — Trial 39/100 — Sharpe: 0.7190 | Mejor: 28.7964
2026-06-10 20:26:32 [INFO] training.optimizer — Trial 40/100 — Sharpe: 1.3070 | Mejor: 28.7964
2026-06-10 20:26:36 [INFO] training.optimizer — Trial 41/100 — Sharpe: -3.2240 | Mejor: 28.7964
2026-06-10 20:26:38 [INFO] training.optimizer — Trial 42/100 — Sharpe: -2.4670 | Mejor: 28.7964
2026-06-10 20:26:41 [INFO] training.optimizer — Trial 43/100 — Sharpe: -2.3261 | Mejor: 28.7964
2026-06-10 20:26:44 [INFO] training.optimizer — Trial 44/100 — Sharpe: -0.9641 | Mejor: 28.7964
2026-06-10 20:26:47 [INFO] training.optimizer — Trial 45/100 — Sharpe: -5.5275 | Mejor: 28.7964
2026-06-10 20:26:49 [INFO] training.optimizer — Trial 46/100 — Sharpe: -13.6205 | Mejor: 28.7964
2026-06-10 20:26:50 [INFO] training.optimizer — Trial 47/100 — Sharpe: -0.7866 | Mejor: 28.7964
2026-06-10 20:26:52 [INFO] training.optimizer — Trial 48/100 — Sharpe: 1.7856 | Mejor: 28.7964
2026-06-10 20:26:56 [INFO] training.optimizer — Trial 49/100 — Sharpe: 1.7141 | Mejor: 28.7964
2026-06-10 20:26:58 [INFO] training.optimizer — Trial 50/100 — Sharpe: 0.4221 | Mejor: 28.7964
2026-06-10 20:27:00 [INFO] training.optimizer — Trial 51/100 — Sharpe: 3.5959 | Mejor: 28.7964
2026-06-10 20:27:02 [INFO] training.optimizer — Trial 52/100 — Sharpe: 12.8973 | Mejor: 28.7964
2026-06-10 20:27:04 [INFO] training.optimizer — Trial 53/100 — Sharpe: -32.0872 | Mejor: 28.7964
2026-06-10 20:27:07 [INFO] training.optimizer — Trial 54/100 — Sharpe: 26.5975 | Mejor: 28.7964
2026-06-10 20:27:09 [INFO] training.optimizer — Trial 55/100 — Sharpe: 37.4558 | Mejor: 37.4558
2026-06-10 20:27:11 [INFO] training.optimizer — Trial 56/100 — Sharpe: -63.6164 | Mejor: 37.4558
2026-06-10 20:27:13 [INFO] training.optimizer — Trial 57/100 — Sharpe: 3.6733 | Mejor: 37.4558
2026-06-10 20:27:16 [INFO] training.optimizer — Trial 58/100 — Sharpe: -2.1885 | Mejor: 37.4558
2026-06-10 20:27:18 [INFO] training.optimizer — Trial 59/100 — Sharpe: 5.3401 | Mejor: 37.4558
2026-06-10 20:27:20 [INFO] training.optimizer — Trial 60/100 — Sharpe: 7.4625 | Mejor: 37.4558
2026-06-10 20:27:21 [INFO] training.optimizer — Trial 61/100 — Sharpe: 28.4996 | Mejor: 37.4558
2026-06-10 20:27:23 [INFO] training.optimizer — Trial 62/100 — Sharpe: 1.7997 | Mejor: 37.4558
2026-06-10 20:27:25 [INFO] training.optimizer — Trial 63/100 — Sharpe: 63.6903 | Mejor: 63.6903
2026-06-10 20:27:27 [INFO] training.optimizer — Trial 64/100 — Sharpe: -2.6872 | Mejor: 63.6903
2026-06-10 20:27:29 [INFO] training.optimizer — Trial 65/100 — Sharpe: 6.2938 | Mejor: 63.6903
2026-06-10 20:27:31 [INFO] training.optimizer — Trial 66/100 — Sharpe: 2.2506 | Mejor: 63.6903
2026-06-10 20:27:33 [INFO] training.optimizer — Trial 67/100 — Sharpe: 12.0262 | Mejor: 63.6903
2026-06-10 20:27:35 [INFO] training.optimizer — Trial 68/100 — Sharpe: 41.8515 | Mejor: 63.6903
2026-06-10 20:27:37 [INFO] training.optimizer — Trial 69/100 — Sharpe: 0.0823 | Mejor: 63.6903
2026-06-10 20:27:39 [INFO] training.optimizer — Trial 70/100 — Sharpe: 0.5175 | Mejor: 63.6903
2026-06-10 20:27:42 [INFO] training.optimizer — Trial 71/100 — Sharpe: 27.4667 | Mejor: 63.6903
2026-06-10 20:27:44 [INFO] training.optimizer — Trial 72/100 — Sharpe: -0.7729 | Mejor: 63.6903
2026-06-10 20:27:46 [INFO] training.optimizer — Trial 73/100 — Sharpe: 5.9544 | Mejor: 63.6903
2026-06-10 20:27:49 [INFO] training.optimizer — Trial 74/100 — Sharpe: 1.6700 | Mejor: 63.6903
2026-06-10 20:27:51 [INFO] training.optimizer — Trial 75/100 — Sharpe: 0.7555 | Mejor: 63.6903
2026-06-10 20:27:52 [INFO] training.optimizer — Trial 76/100 — Sharpe: 22.3104 | Mejor: 63.6903
2026-06-10 20:27:55 [INFO] training.optimizer — Trial 77/100 — Sharpe: 13.0281 | Mejor: 63.6903
2026-06-10 20:27:57 [INFO] training.optimizer — Trial 78/100 — Sharpe: 7.1729 | Mejor: 63.6903
2026-06-10 20:27:59 [INFO] training.optimizer — Trial 79/100 — Sharpe: 34.7413 | Mejor: 63.6903
2026-06-10 20:28:01 [INFO] training.optimizer — Trial 80/100 — Sharpe: 42.4647 | Mejor: 63.6903
2026-06-10 20:28:04 [INFO] training.optimizer — Trial 81/100 — Sharpe: 5.2259 | Mejor: 63.6903
2026-06-10 20:28:06 [INFO] training.optimizer — Trial 82/100 — Sharpe: -6.5571 | Mejor: 63.6903
2026-06-10 20:28:08 [INFO] training.optimizer — Trial 83/100 — Sharpe: 11.4898 | Mejor: 63.6903
2026-06-10 20:28:11 [INFO] training.optimizer — Trial 84/100 — Sharpe: 3.0836 | Mejor: 63.6903
2026-06-10 20:28:13 [INFO] training.optimizer — Trial 85/100 — Sharpe: -1.4964 | Mejor: 63.6903
2026-06-10 20:28:15 [INFO] training.optimizer — Trial 86/100 — Sharpe: 24.0741 | Mejor: 63.6903
2026-06-10 20:28:17 [INFO] training.optimizer — Trial 87/100 — Sharpe: 7.4681 | Mejor: 63.6903
2026-06-10 20:28:20 [INFO] training.optimizer — Trial 88/100 — Sharpe: 12.1234 | Mejor: 63.6903
2026-06-10 20:28:23 [INFO] training.optimizer — Trial 89/100 — Sharpe: 13.4902 | Mejor: 63.6903
2026-06-10 20:28:25 [INFO] training.optimizer — Trial 90/100 — Sharpe: 0.8960 | Mejor: 63.6903
2026-06-10 20:28:27 [INFO] training.optimizer — Trial 91/100 — Sharpe: 478.6396 | Mejor: 478.6396
2026-06-10 20:28:29 [INFO] training.optimizer — Trial 92/100 — Sharpe: 25.1455 | Mejor: 478.6396
2026-06-10 20:28:31 [INFO] training.optimizer — Trial 93/100 — Sharpe: 10.7225 | Mejor: 478.6396
2026-06-10 20:28:33 [INFO] training.optimizer — Trial 94/100 — Sharpe: 99.2637 | Mejor: 478.6396
2026-06-10 20:28:36 [INFO] training.optimizer — Trial 95/100 — Sharpe: 40.7412 | Mejor: 478.6396
2026-06-10 20:28:38 [INFO] training.optimizer — Trial 96/100 — Sharpe: -0.3602 | Mejor: 478.6396
2026-06-10 20:28:40 [INFO] training.optimizer — Trial 97/100 — Sharpe: 15.6318 | Mejor: 478.6396
2026-06-10 20:28:41 [INFO] training.optimizer — Trial 98/100 — Sharpe: 39.4777 | Mejor: 478.6396
2026-06-10 20:28:43 [INFO] training.optimizer — Trial 99/100 — Sharpe: 0.0000 | Mejor: 478.6396
2026-06-10 20:28:44 [INFO] training.optimizer — Trial 100/100 — Sharpe: 0.0000 | Mejor: 478.6396
2026-06-10 20:28:44 [INFO] training.optimizer — Optimización completada — Mejor Sharpe: 478.6396 (sobre 100 trials totales)
2026-06-10 20:28:44 [INFO] training.optimizer — Mejores parámetros: {'LABEL_HORIZON': 8, 'LABEL_THRESHOLD': 0.0007505472855233595, 'RSI_PERIOD': 24, 'EMA_FAST': 12, 'EMA_SLOW': 47, 'BB_PERIOD': 25, 'n_estimators': 159, 'max_depth': 6, 'learning_rate': 0.01904562821742725, 'subsample': 0.9953245649378099, 'colsample_bytree': 0.5623138913819007, 'reg_lambda': 8.707728747412839}
2026-06-10 20:28:44 [INFO] training.optimizer — Mejores parámetros guardados en C:\Users\ferna\Desktop\BOTS\botentrenamiento\models\best_params.json
2026-06-10 20:28:44 [INFO] training.optimizer — config.py actualizado con los mejores parámetros de Optuna.
2026-06-10 20:28:44 [INFO] __main__ — Parámetros optimizados aplicados a config.py.
2026-06-10 20:28:45 [INFO] features.indicators — Indicadores calculados. Filas resultantes: 99982
2026-06-10 20:28:45 [INFO] training.labeler — Etiquetas generadas — HOLD: 82907 | BUY: 8804 | SELL: 8261 | NaN: 10
2026-06-10 20:28:45 [INFO] __main__ — Distribución de etiquetas: {'HOLD': 82.93, 'BUY': 8.81, 'SELL': 8.26}
2026-06-10 20:28:45 [INFO] training.dataset — Dataset construido: 99972 filas, 15 features.
2026-06-10 20:28:45 [INFO] training.dataset — Balance de clases — HOLD: 82907 (82.9%) | BUY: 8804 (8.8%) | SELL: 8261 (8.3%)
2026-06-10 20:28:45 [INFO] __main__ — Operaciones históricas en SQLite: 0
2026-06-10 20:28:45 [INFO] training.trainer — === Iniciando entrenamiento ===
2026-06-10 20:28:45 [INFO] training.dataset — Train/Test split — Train: 79977 filas (2025-02-05 23:35:00 → 2026-03-05 16:15:00) | Test: 19995 filas (2026-03-05 16:20:00 → 2026-06-11 02:30:00)
2026-06-10 20:28:45 [INFO] training.trainer — Walk-forward validation con 8 folds...
2026-06-10 20:28:45 [INFO] training.trainer — Modelo entrenado con 8886 muestras, 15 features.
2026-06-10 20:28:45 [INFO] training.trainer — Modelo entrenado con 17772 muestras, 15 features.
2026-06-10 20:28:46 [INFO] training.trainer — Modelo entrenado con 26658 muestras, 15 features.
2026-06-10 20:28:46 [INFO] training.trainer — Modelo entrenado con 35544 muestras, 15 features.
2026-06-10 20:28:47 [INFO] training.trainer — Modelo entrenado con 44430 muestras, 15 features.
2026-06-10 20:28:47 [INFO] training.trainer — Modelo entrenado con 53316 muestras, 15 features.
2026-06-10 20:28:48 [INFO] training.trainer — Modelo entrenado con 62202 muestras, 15 features.
2026-06-10 20:28:49 [INFO] training.trainer — Modelo entrenado con 71088 muestras, 15 features.
2026-06-10 20:28:49 [INFO] training.trainer — Walk-forward promedio — Sharpe: -2.449 | Win rate: 0.307 | Drawdown: 0.004
2026-06-10 20:28:50 [INFO] training.trainer — Modelo entrenado con 79977 muestras, 15 features.
2026-06-10 20:28:50 [INFO] training.trainer — OOS — Sharpe: 56.121 | Win rate: 0.632 | Drawdown: 0.002 | Profit factor: 2.463
2026-06-10 20:28:50 [INFO] training.trainer — No existe modelo anterior. El nuevo modelo será guardado.
2026-06-10 20:28:50 [INFO] training.trainer — Modelo guardado en C:\Users\ferna\Desktop\BOTS\botentrenamiento\models\model_latest.pkl — Sharpe: 56.121 | Win rate: 0.632 | Drawdown: 0.002
2026-06-10 20:28:50 [INFO] __main__ — Entrenamiento completado. Nuevo modelo guardado.
2026-06-10 20:28:50 [INFO] data.mt5_connector — MT5 desconectado.
2026-06-10 20:28:50 [INFO] __main__ — ━━━━━━━━━━━━━━━━━━━━━━━━━━━━━━━━━━━━━━━━━━━━━━━
2026-06-10 20:28:50 [INFO] __main__ — BOT DE ENTRENAMIENTO — FIN
2026-06-10 20:28:50 [INFO] __main__ — ━━━━━━━━━━━━━━━━━━━━━━━━━━━━━━━━━━━━━━━━━━━━━━━
2026-06-10 20:31:51 [INFO] __main__ — ━━━━━━━━━━━━━━━━━━━━━━━━━━━━━━━━━━━━━━━━━━━━━━━
2026-06-10 20:31:51 [INFO] __main__ — BOT DE ENTRENAMIENTO — INICIO (modo optimización)
2026-06-10 20:31:51 [INFO] __main__ — ━━━━━━━━━━━━━━━━━━━━━━━━━━━━━━━━━━━━━━━━━━━━━━━
2026-06-10 20:31:51 [INFO] data.mt5_connector — MT5 conectado — build 5836, cuenta: 101396200
2026-06-10 20:31:51 [INFO] data.mt5_connector — Descargando 200000 velas de EURUSD M5 en chunks de 50000...
2026-06-10 20:31:51 [INFO] data.mt5_connector —   chunk 1/4 — 50000 velas acumuladas
2026-06-10 20:31:51 [INFO] data.mt5_connector —   chunk 2/4 — 100000 velas acumuladas
2026-06-10 20:31:51 [INFO] data.mt5_connector —   chunk 3/4 — 100013 velas acumuladas
2026-06-10 20:31:51 [WARNING] data.mt5_connector — Broker devolvió 13 en lugar de 50000 — datos agotados.
2026-06-10 20:31:51 [INFO] data.mt5_connector — Total descargado: 100013 velas. Rango: 2025-02-05 21:10:00 → 2026-06-11 03:30:00
2026-06-10 20:31:51 [INFO] __main__ — Iniciando búsqueda de parámetros con Optuna (100 trials)...
2026-06-10 20:31:52 [INFO] training.optimizer — === Optimización iniciada — 100 trials nuevos (ya probados: 0, total: 100) ===
2026-06-10 20:31:54 [INFO] training.optimizer — Trial 1/100 — Sharpe: 12.2777 | Mejor: 12.2777
2026-06-10 20:31:57 [INFO] training.optimizer — Trial 2/100 — Sharpe: -0.1604 | Mejor: 12.2777
2026-06-10 20:32:00 [INFO] training.optimizer — Trial 3/100 — Sharpe: 6.3559 | Mejor: 12.2777
2026-06-10 20:32:02 [INFO] training.optimizer — Trial 4/100 — Sharpe: 0.7031 | Mejor: 12.2777
2026-06-10 20:32:07 [INFO] training.optimizer — Trial 5/100 — Sharpe: -0.2587 | Mejor: 12.2777
2026-06-10 20:32:09 [INFO] training.optimizer — Trial 6/100 — Sharpe: 1.5995 | Mejor: 12.2777
2026-06-10 20:32:11 [INFO] training.optimizer — Trial 7/100 — Sharpe: -6.8621 | Mejor: 12.2777
2026-06-10 20:32:13 [INFO] training.optimizer — Trial 8/100 — Sharpe: 2.8266 | Mejor: 12.2777
2026-06-10 20:32:16 [INFO] training.optimizer — Trial 9/100 — Sharpe: 1.4119 | Mejor: 12.2777
2026-06-10 20:32:22 [INFO] training.optimizer — Trial 10/100 — Sharpe: 1.1705 | Mejor: 12.2777
2026-06-10 20:32:27 [INFO] training.optimizer — Trial 11/100 — Sharpe: -1.6906 | Mejor: 12.2777
2026-06-10 20:32:30 [INFO] training.optimizer — Trial 12/100 — Sharpe: 1.3526 | Mejor: 12.2777
2026-06-10 20:32:34 [INFO] training.optimizer — Trial 13/100 — Sharpe: 4.9037 | Mejor: 12.2777
2026-06-10 20:32:37 [INFO] training.optimizer — Trial 14/100 — Sharpe: -3.9767 | Mejor: 12.2777
2026-06-10 20:32:41 [INFO] training.optimizer — Trial 15/100 — Sharpe: 2.5383 | Mejor: 12.2777
2026-06-10 20:32:43 [INFO] training.optimizer — Trial 16/100 — Sharpe: 0.5286 | Mejor: 12.2777
2026-06-10 20:32:45 [INFO] training.optimizer — Trial 17/100 — Sharpe: -4.4940 | Mejor: 12.2777
2026-06-10 20:32:47 [INFO] training.optimizer — Trial 18/100 — Sharpe: -6.7615 | Mejor: 12.2777
2026-06-10 20:32:50 [INFO] training.optimizer — Trial 19/100 — Sharpe: -6.8355 | Mejor: 12.2777
2026-06-10 20:32:53 [INFO] training.optimizer — Trial 20/100 — Sharpe: -4.4091 | Mejor: 12.2777
2026-06-10 20:32:57 [INFO] training.optimizer — Trial 21/100 — Sharpe: -5.4866 | Mejor: 12.2777
2026-06-10 20:33:01 [INFO] training.optimizer — Trial 22/100 — Sharpe: 4.5781 | Mejor: 12.2777
2026-06-10 20:33:05 [INFO] training.optimizer — Trial 23/100 — Sharpe: -7.4289 | Mejor: 12.2777
2026-06-10 20:33:08 [INFO] training.optimizer — Trial 24/100 — Sharpe: -0.8777 | Mejor: 12.2777
2026-06-10 20:33:12 [INFO] training.optimizer — Trial 25/100 — Sharpe: 14.1519 | Mejor: 14.1519
2026-06-10 20:33:16 [INFO] training.optimizer — Trial 26/100 — Sharpe: 2.8777 | Mejor: 14.1519
2026-06-10 20:33:19 [INFO] training.optimizer — Trial 27/100 — Sharpe: 8.1783 | Mejor: 14.1519
2026-06-10 20:33:22 [INFO] training.optimizer — Trial 28/100 — Sharpe: 5.5231 | Mejor: 14.1519
2026-06-10 20:33:25 [INFO] training.optimizer — Trial 29/100 — Sharpe: 2.8251 | Mejor: 14.1519
2026-06-10 20:33:28 [INFO] training.optimizer — Trial 30/100 — Sharpe: -0.1917 | Mejor: 14.1519
2026-06-10 20:33:32 [INFO] training.optimizer — Trial 31/100 — Sharpe: -1.8673 | Mejor: 14.1519
2026-06-10 20:33:37 [INFO] training.optimizer — Trial 32/100 — Sharpe: -0.3202 | Mejor: 14.1519
2026-06-10 20:33:40 [INFO] training.optimizer — Trial 33/100 — Sharpe: 0.3944 | Mejor: 14.1519
2026-06-10 20:33:45 [INFO] training.optimizer — Trial 34/100 — Sharpe: 2.1796 | Mejor: 14.1519
2026-06-10 20:33:47 [INFO] training.optimizer — Trial 35/100 — Sharpe: 7.6853 | Mejor: 14.1519
2026-06-10 20:33:48 [INFO] training.optimizer — Trial 36/100 — Sharpe: -38.3580 | Mejor: 14.1519
2026-06-10 20:33:50 [INFO] training.optimizer — Trial 37/100 — Sharpe: 2.7787 | Mejor: 14.1519
2026-06-10 20:33:53 [INFO] training.optimizer — Trial 38/100 — Sharpe: 3.9479 | Mejor: 14.1519
2026-06-10 20:33:55 [INFO] training.optimizer — Trial 39/100 — Sharpe: 4.1810 | Mejor: 14.1519
2026-06-10 20:33:57 [INFO] training.optimizer — Trial 40/100 — Sharpe: 8.5437 | Mejor: 14.1519
2026-06-10 20:33:59 [INFO] training.optimizer — Trial 41/100 — Sharpe: 6.4853 | Mejor: 14.1519
2026-06-10 20:34:01 [INFO] training.optimizer — Trial 42/100 — Sharpe: -1.3054 | Mejor: 14.1519
2026-06-10 20:34:03 [INFO] training.optimizer — Trial 43/100 — Sharpe: 7.3409 | Mejor: 14.1519
2026-06-10 20:34:04 [INFO] training.optimizer — Trial 44/100 — Sharpe: 0.3220 | Mejor: 14.1519
2026-06-10 20:34:06 [INFO] training.optimizer — Trial 45/100 — Sharpe: -14.3839 | Mejor: 14.1519
2026-06-10 20:34:09 [INFO] training.optimizer — Trial 46/100 — Sharpe: -1.5705 | Mejor: 14.1519
2026-06-10 20:34:11 [INFO] training.optimizer — Trial 47/100 — Sharpe: 24.7702 | Mejor: 24.7702
2026-06-10 20:34:13 [INFO] training.optimizer — Trial 48/100 — Sharpe: 1.0944 | Mejor: 24.7702
2026-06-10 20:34:17 [INFO] training.optimizer — Trial 49/100 — Sharpe: -1.1092 | Mejor: 24.7702
2026-06-10 20:34:20 [INFO] training.optimizer — Trial 50/100 — Sharpe: 0.4627 | Mejor: 24.7702
2026-06-10 20:34:22 [INFO] training.optimizer — Trial 51/100 — Sharpe: -18.8369 | Mejor: 24.7702
2026-06-10 20:34:25 [INFO] training.optimizer — Trial 52/100 — Sharpe: -6.2083 | Mejor: 24.7702
2026-06-10 20:34:27 [INFO] training.optimizer — Trial 53/100 — Sharpe: 3.6671 | Mejor: 24.7702
2026-06-10 20:34:29 [INFO] training.optimizer — Trial 54/100 — Sharpe: 6.7300 | Mejor: 24.7702
2026-06-10 20:34:31 [INFO] training.optimizer — Trial 55/100 — Sharpe: 4.4106 | Mejor: 24.7702
2026-06-10 20:34:33 [INFO] training.optimizer — Trial 56/100 — Sharpe: -0.0552 | Mejor: 24.7702
2026-06-10 20:34:34 [INFO] training.optimizer — Trial 57/100 — Sharpe: -1.1838 | Mejor: 24.7702
2026-06-10 20:34:36 [INFO] training.optimizer — Trial 58/100 — Sharpe: -3.8647 | Mejor: 24.7702
2026-06-10 20:34:38 [INFO] training.optimizer — Trial 59/100 — Sharpe: 9.0379 | Mejor: 24.7702
2026-06-10 20:34:42 [INFO] training.optimizer — Trial 60/100 — Sharpe: -2.7005 | Mejor: 24.7702
2026-06-10 20:34:44 [INFO] training.optimizer — Trial 61/100 — Sharpe: 1.0266 | Mejor: 24.7702
2026-06-10 20:34:45 [INFO] training.optimizer — Trial 62/100 — Sharpe: 13.1162 | Mejor: 24.7702
2026-06-10 20:34:47 [INFO] training.optimizer — Trial 63/100 — Sharpe: 6.3375 | Mejor: 24.7702
2026-06-10 20:34:49 [INFO] training.optimizer — Trial 64/100 — Sharpe: 4.1467 | Mejor: 24.7702
2026-06-10 20:34:50 [INFO] training.optimizer — Trial 65/100 — Sharpe: -1.1899 | Mejor: 24.7702
2026-06-10 20:34:52 [INFO] training.optimizer — Trial 66/100 — Sharpe: -15.7864 | Mejor: 24.7702
2026-06-10 20:34:57 [INFO] training.optimizer — Trial 67/100 — Sharpe: -2.8815 | Mejor: 24.7702
2026-06-10 20:34:59 [INFO] training.optimizer — Trial 68/100 — Sharpe: 0.1046 | Mejor: 24.7702
2026-06-10 20:35:06 [INFO] training.optimizer — Trial 69/100 — Sharpe: -1.0373 | Mejor: 24.7702
2026-06-10 20:35:07 [INFO] training.optimizer — Trial 70/100 — Sharpe: 2.5266 | Mejor: 24.7702
2026-06-10 20:35:10 [INFO] training.optimizer — Trial 71/100 — Sharpe: -2.7745 | Mejor: 24.7702
2026-06-10 20:35:12 [INFO] training.optimizer — Trial 72/100 — Sharpe: 32.4225 | Mejor: 32.4225
2026-06-10 20:35:13 [INFO] training.optimizer — Trial 73/100 — Sharpe: 0.7930 | Mejor: 32.4225
2026-06-10 20:35:16 [INFO] training.optimizer — Trial 74/100 — Sharpe: -0.3315 | Mejor: 32.4225
2026-06-10 20:35:18 [INFO] training.optimizer — Trial 75/100 — Sharpe: 0.0706 | Mejor: 32.4225
2026-06-10 20:35:20 [INFO] training.optimizer — Trial 76/100 — Sharpe: -6.8916 | Mejor: 32.4225
2026-06-10 20:35:22 [INFO] training.optimizer — Trial 77/100 — Sharpe: 0.5724 | Mejor: 32.4225
2026-06-10 20:35:27 [INFO] training.optimizer — Trial 78/100 — Sharpe: -1.4118 | Mejor: 32.4225
2026-06-10 20:35:29 [INFO] training.optimizer — Trial 79/100 — Sharpe: -17.7018 | Mejor: 32.4225
2026-06-10 20:35:31 [INFO] training.optimizer — Trial 80/100 — Sharpe: 0.5847 | Mejor: 32.4225
2026-06-10 20:35:35 [INFO] training.optimizer — Trial 81/100 — Sharpe: -1.1558 | Mejor: 32.4225
2026-06-10 20:35:36 [INFO] training.optimizer — Trial 82/100 — Sharpe: 10.8536 | Mejor: 32.4225
2026-06-10 20:35:38 [INFO] training.optimizer — Trial 83/100 — Sharpe: -0.5050 | Mejor: 32.4225
2026-06-10 20:35:40 [INFO] training.optimizer — Trial 84/100 — Sharpe: -1.0229 | Mejor: 32.4225
2026-06-10 20:35:41 [INFO] training.optimizer — Trial 85/100 — Sharpe: 0.5229 | Mejor: 32.4225
2026-06-10 20:35:44 [INFO] training.optimizer — Trial 86/100 — Sharpe: 2.9655 | Mejor: 32.4225
2026-06-10 20:35:46 [INFO] training.optimizer — Trial 87/100 — Sharpe: -2.9830 | Mejor: 32.4225
2026-06-10 20:35:48 [INFO] training.optimizer — Trial 88/100 — Sharpe: 10.8374 | Mejor: 32.4225
2026-06-10 20:35:53 [INFO] training.optimizer — Trial 89/100 — Sharpe: 10.8695 | Mejor: 32.4225
2026-06-10 20:36:00 [INFO] training.optimizer — Trial 90/100 — Sharpe: 15.8977 | Mejor: 32.4225
2026-06-10 20:36:06 [INFO] training.optimizer — Trial 91/100 — Sharpe: 5.9825 | Mejor: 32.4225
2026-06-10 20:36:12 [INFO] training.optimizer — Trial 92/100 — Sharpe: 7.6062 | Mejor: 32.4225
2026-06-10 20:36:18 [INFO] training.optimizer — Trial 93/100 — Sharpe: 6.0408 | Mejor: 32.4225
2026-06-10 20:36:24 [INFO] training.optimizer — Trial 94/100 — Sharpe: 17.2811 | Mejor: 32.4225
2026-06-10 20:36:30 [INFO] training.optimizer — Trial 95/100 — Sharpe: 13.4427 | Mejor: 32.4225
2026-06-10 20:36:36 [INFO] training.optimizer — Trial 96/100 — Sharpe: 7.3514 | Mejor: 32.4225
2026-06-10 20:36:42 [INFO] training.optimizer — Trial 97/100 — Sharpe: 4.9634 | Mejor: 32.4225
2026-06-10 20:36:48 [INFO] training.optimizer — Trial 98/100 — Sharpe: 9.3361 | Mejor: 32.4225
2026-06-10 20:36:55 [INFO] training.optimizer — Trial 99/100 — Sharpe: 0.4768 | Mejor: 32.4225
2026-06-10 20:37:00 [INFO] training.optimizer — Trial 100/100 — Sharpe: -3.1346 | Mejor: 32.4225
2026-06-10 20:37:00 [INFO] training.optimizer — Optimización completada — Mejor Sharpe: 32.4225 (sobre 100 trials totales)
2026-06-10 20:37:00 [INFO] training.optimizer — Mejores parámetros: {'LABEL_HORIZON': 12, 'LABEL_THRESHOLD': 0.0009198036687500386, 'RSI_PERIOD': 7, 'EMA_FAST': 20, 'EMA_SLOW': 56, 'BB_PERIOD': 14, 'n_estimators': 161, 'max_depth': 4, 'learning_rate': 0.014406663705433718, 'subsample': 0.9594413362709012, 'colsample_bytree': 0.8441168193427611, 'reg_lambda': 7.140253208172006}
2026-06-10 20:37:00 [INFO] training.optimizer — Mejores parámetros guardados en C:\Users\ferna\Desktop\BOTS\botentrenamiento\models\best_params.json
2026-06-10 20:37:00 [INFO] training.optimizer — config.py actualizado con los mejores parámetros de Optuna.
2026-06-10 20:37:00 [INFO] __main__ — Parámetros optimizados aplicados a config.py.
2026-06-10 20:37:00 [INFO] features.indicators — Indicadores calculados. Filas resultantes: 99984
2026-06-10 20:37:00 [INFO] training.labeler — Etiquetas generadas — HOLD: 78794 | BUY: 10791 | SELL: 10391 | NaN: 8
2026-06-10 20:37:00 [INFO] __main__ — Distribución de etiquetas: {'HOLD': 78.81, 'BUY': 10.79, 'SELL': 10.39}
2026-06-10 20:37:00 [INFO] training.dataset — Dataset construido: 99976 filas, 15 features.
2026-06-10 20:37:00 [INFO] training.dataset — Balance de clases — HOLD: 78794 (78.8%) | BUY: 10791 (10.8%) | SELL: 10391 (10.4%)
2026-06-10 20:37:00 [INFO] __main__ — Operaciones históricas en SQLite: 0
2026-06-10 20:37:00 [INFO] training.trainer — === Iniciando entrenamiento ===
2026-06-10 20:37:00 [INFO] training.dataset — Train/Test split — Train: 79980 filas (2025-02-05 23:35:00 → 2026-03-05 16:30:00) | Test: 19996 filas (2026-03-05 16:35:00 → 2026-06-11 02:50:00)
2026-06-10 20:37:00 [INFO] training.trainer — Walk-forward validation con 8 folds...
2026-06-10 20:37:01 [INFO] training.trainer — Modelo entrenado con 8886 muestras, 15 features.
2026-06-10 20:37:01 [INFO] training.trainer — Modelo entrenado con 17772 muestras, 15 features.
2026-06-10 20:37:02 [INFO] training.trainer — Modelo entrenado con 26658 muestras, 15 features.
2026-06-10 20:37:02 [INFO] training.trainer — Modelo entrenado con 35544 muestras, 15 features.
2026-06-10 20:37:03 [INFO] training.trainer — Modelo entrenado con 44430 muestras, 15 features.
2026-06-10 20:37:04 [INFO] training.trainer — Modelo entrenado con 53316 muestras, 15 features.
2026-06-10 20:37:05 [INFO] training.trainer — Modelo entrenado con 62202 muestras, 15 features.
2026-06-10 20:37:05 [INFO] training.trainer — Modelo entrenado con 71088 muestras, 15 features.
2026-06-10 20:37:05 [INFO] training.trainer — Walk-forward promedio — Sharpe: -226.052 | Win rate: 0.304 | Drawdown: 0.004
2026-06-10 20:37:06 [INFO] training.trainer — Modelo entrenado con 79980 muestras, 15 features.
2026-06-10 20:37:06 [INFO] training.trainer — OOS — Sharpe: 0.000 | Win rate: 0.000 | Drawdown: 0.001 | Profit factor: 0.000
2026-06-10 20:37:06 [WARNING] training.trainer — Umbrales mínimos: Sharpe>=1.00 (got 0.000) | WinRate>=0.50 (got 0.000) | Drawdown<=0.15 (got 0.001)
2026-06-10 20:37:06 [WARNING] training.trainer — El modelo NO supera los umbrales mínimos. No se guarda.
2026-06-10 20:37:06 [INFO] __main__ — Entrenamiento completado. Modelo anterior conservado.
2026-06-10 20:37:06 [INFO] data.mt5_connector — MT5 desconectado.
2026-06-10 20:37:06 [INFO] __main__ — ━━━━━━━━━━━━━━━━━━━━━━━━━━━━━━━━━━━━━━━━━━━━━━━
2026-06-10 20:37:06 [INFO] __main__ — BOT DE ENTRENAMIENTO — FIN
2026-06-10 20:37:06 [INFO] __main__ — ━━━━━━━━━━━━━━━━━━━━━━━━━━━━━━━━━━━━━━━━━━━━━━━
2026-06-10 20:41:22 [INFO] __main__ — ━━━━━━━━━━━━━━━━━━━━━━━━━━━━━━━━━━━━━━━━━━━━━━━
2026-06-10 20:41:22 [INFO] __main__ — BOT DE ENTRENAMIENTO — INICIO (modo optimización)
2026-06-10 20:41:22 [INFO] __main__ — ━━━━━━━━━━━━━━━━━━━━━━━━━━━━━━━━━━━━━━━━━━━━━━━
2026-06-10 20:41:22 [INFO] data.mt5_connector — MT5 conectado — build 5836, cuenta: 101396200
2026-06-10 20:41:22 [INFO] data.mt5_connector — Descargando 200000 velas de EURUSD M5 en chunks de 50000...
2026-06-10 20:41:22 [INFO] data.mt5_connector —   chunk 1/4 — 50000 velas acumuladas
2026-06-10 20:41:22 [INFO] data.mt5_connector —   chunk 2/4 — 100000 velas acumuladas
2026-06-10 20:41:22 [INFO] data.mt5_connector —   chunk 3/4 — 100015 velas acumuladas
2026-06-10 20:41:22 [WARNING] data.mt5_connector — Broker devolvió 15 en lugar de 50000 — datos agotados.
2026-06-10 20:41:22 [INFO] data.mt5_connector — Total descargado: 100015 velas. Rango: 2025-02-05 21:10:00 → 2026-06-11 03:40:00
2026-06-10 20:41:23 [INFO] __main__ — Iniciando búsqueda de parámetros con Optuna (10 trials)...
2026-06-10 20:41:23 [INFO] training.optimizer — === Optimización iniciada — 10 trials nuevos (ya probados: 0, total: 10) ===
2026-06-10 20:41:25 [INFO] training.optimizer — Trial 1/10 — Sharpe: 12.2777 | Mejor: 12.2777
2026-06-10 20:41:28 [INFO] training.optimizer — Trial 2/10 — Sharpe: -0.5016 | Mejor: 12.2777
2026-06-10 20:41:31 [INFO] training.optimizer — Trial 3/10 — Sharpe: 0.0000 | Mejor: 12.2777
2026-06-10 20:41:33 [INFO] training.optimizer — Trial 4/10 — Sharpe: 0.7031 | Mejor: 12.2777
2026-06-10 20:41:37 [INFO] training.optimizer — Trial 5/10 — Sharpe: -0.2587 | Mejor: 12.2777
2026-06-10 20:41:40 [INFO] training.optimizer — Trial 6/10 — Sharpe: 0.0767 | Mejor: 12.2777
2026-06-10 20:41:42 [INFO] training.optimizer — Trial 7/10 — Sharpe: -6.8621 | Mejor: 12.2777
2026-06-10 20:41:44 [INFO] training.optimizer — Trial 8/10 — Sharpe: 2.8266 | Mejor: 12.2777
2026-06-10 20:41:47 [INFO] training.optimizer — Trial 9/10 — Sharpe: 2.2942 | Mejor: 12.2777
2026-06-10 20:41:52 [INFO] training.optimizer — Trial 10/10 — Sharpe: 1.1705 | Mejor: 12.2777
2026-06-10 20:41:52 [INFO] training.optimizer — Optimización completada — Mejor Sharpe: 12.2777 (sobre 10 trials totales)
2026-06-10 20:41:52 [INFO] training.optimizer — Mejores parámetros: {'LABEL_HORIZON': 10, 'LABEL_THRESHOLD': 0.0009605714451279329, 'RSI_PERIOD': 23, 'EMA_FAST': 22, 'EMA_SLOW': 45, 'BB_PERIOD': 13, 'n_estimators': 123, 'max_depth': 6, 'learning_rate': 0.039913058785616795, 'subsample': 0.8540362888980227, 'colsample_bytree': 0.5102922471479012, 'reg_lambda': 8.706020878304859}
2026-06-10 20:41:52 [INFO] training.optimizer — Mejores parámetros guardados en C:\Users\ferna\Desktop\BOTS\botentrenamiento\models\best_params.json
2026-06-10 20:41:52 [INFO] training.optimizer — config.py actualizado con los mejores parámetros de Optuna.
2026-06-10 20:41:52 [INFO] __main__ — Parámetros optimizados aplicados. Módulos recargados.
2026-06-10 20:41:52 [INFO] features.indicators — Indicadores calculados. Filas resultantes: 99986
2026-06-10 20:41:52 [INFO] training.labeler — Etiquetas generadas — HOLD: 82911 | BUY: 8804 | SELL: 8261 | NaN: 10
2026-06-10 20:41:52 [INFO] __main__ — Distribución de etiquetas: {'HOLD': 82.93, 'BUY': 8.81, 'SELL': 8.26}
2026-06-10 20:41:52 [INFO] training.dataset — Dataset construido: 99976 filas, 15 features.
2026-06-10 20:41:52 [INFO] training.dataset — Balance de clases — HOLD: 82911 (82.9%) | BUY: 8804 (8.8%) | SELL: 8261 (8.3%)
2026-06-10 20:41:52 [INFO] __main__ — Operaciones históricas en SQLite: 0
2026-06-10 20:41:52 [INFO] training.trainer — === Iniciando entrenamiento ===
2026-06-10 20:41:52 [INFO] training.dataset — Train/Test split — Train: 79980 filas (2025-02-05 23:35:00 → 2026-03-05 16:30:00) | Test: 19996 filas (2026-03-05 16:35:00 → 2026-06-11 02:50:00)
2026-06-10 20:41:52 [INFO] training.trainer — Walk-forward validation con 8 folds...
2026-06-10 20:41:53 [INFO] training.trainer — Modelo entrenado con 8886 muestras, 15 features.
2026-06-10 20:41:53 [INFO] training.trainer — Modelo entrenado con 17772 muestras, 15 features.
2026-06-10 20:41:53 [INFO] training.trainer — Modelo entrenado con 26658 muestras, 15 features.
2026-06-10 20:41:54 [INFO] training.trainer — Modelo entrenado con 35544 muestras, 15 features.
2026-06-10 20:41:54 [INFO] training.trainer — Modelo entrenado con 44430 muestras, 15 features.
2026-06-10 20:41:55 [INFO] training.trainer — Modelo entrenado con 53316 muestras, 15 features.
2026-06-10 20:41:56 [INFO] training.trainer — Modelo entrenado con 62202 muestras, 15 features.
2026-06-10 20:41:56 [INFO] training.trainer — Modelo entrenado con 71088 muestras, 15 features.
2026-06-10 20:41:56 [INFO] training.trainer — Walk-forward promedio — Sharpe: -2.449 | Win rate: 0.307 | Drawdown: 0.004
2026-06-10 20:41:57 [INFO] training.trainer — Modelo entrenado con 79980 muestras, 15 features.
2026-06-10 20:41:57 [INFO] training.trainer — OOS — Sharpe: 101.614 | Win rate: 0.786 | Drawdown: 0.001 | Profit factor: 7.094
2026-06-10 20:41:57 [WARNING] training.trainer — Umbrales mínimos: Sharpe>=1.00 (101.614) | WinRate>=0.50 (0.786) | Drawdown<=0.15 (0.001) | Trades>=30 (14)
2026-06-10 20:41:57 [WARNING] training.trainer — El modelo NO supera los umbrales mínimos. No se guarda.
2026-06-10 20:41:57 [INFO] __main__ — Entrenamiento completado. Modelo anterior conservado.
2026-06-10 20:41:57 [INFO] data.mt5_connector — MT5 desconectado.
2026-06-10 20:41:57 [INFO] __main__ — ━━━━━━━━━━━━━━━━━━━━━━━━━━━━━━━━━━━━━━━━━━━━━━━
2026-06-10 20:41:57 [INFO] __main__ — BOT DE ENTRENAMIENTO — FIN
2026-06-10 20:41:57 [INFO] __main__ — ━━━━━━━━━━━━━━━━━━━━━━━━━━━━━━━━━━━━━━━━━━━━━━━
2026-06-10 20:44:37 [INFO] __main__ — ━━━━━━━━━━━━━━━━━━━━━━━━━━━━━━━━━━━━━━━━━━━━━━━
2026-06-10 20:44:37 [INFO] __main__ — BOT DE ENTRENAMIENTO — INICIO (modo optimización)
2026-06-10 20:44:37 [INFO] __main__ — ━━━━━━━━━━━━━━━━━━━━━━━━━━━━━━━━━━━━━━━━━━━━━━━
2026-06-10 20:44:37 [INFO] data.mt5_connector — MT5 conectado — build 5836, cuenta: 101396200
2026-06-10 20:44:37 [INFO] data.mt5_connector — Descargando 200000 velas de EURUSD M5 en chunks de 50000...
2026-06-10 20:44:37 [INFO] data.mt5_connector —   chunk 1/4 — 50000 velas acumuladas
2026-06-10 20:44:37 [INFO] data.mt5_connector —   chunk 2/4 — 100000 velas acumuladas
2026-06-10 20:44:37 [INFO] data.mt5_connector —   chunk 3/4 — 100015 velas acumuladas
2026-06-10 20:44:37 [WARNING] data.mt5_connector — Broker devolvió 15 en lugar de 50000 — datos agotados.
2026-06-10 20:44:37 [INFO] data.mt5_connector — Total descargado: 100015 velas. Rango: 2025-02-05 21:10:00 → 2026-06-11 03:40:00
2026-06-10 20:44:38 [INFO] __main__ — Iniciando búsqueda de parámetros con Optuna (10 trials)...
2026-06-10 20:44:39 [INFO] training.optimizer — === Optimización iniciada — 10 trials nuevos (ya probados: 0, total: 10) ===
2026-06-10 20:44:41 [INFO] training.optimizer — Trial 1/10 — Sharpe: 12.2777 | Mejor: 12.2777
2026-06-10 20:44:44 [INFO] training.optimizer — Trial 2/10 — Sharpe: -0.5016 | Mejor: 12.2777
2026-06-10 20:44:46 [INFO] training.optimizer — Trial 3/10 — Sharpe: 0.0000 | Mejor: 12.2777
2026-06-10 20:44:48 [INFO] training.optimizer — Trial 4/10 — Sharpe: 0.7031 | Mejor: 12.2777
2026-06-10 20:44:53 [INFO] training.optimizer — Trial 5/10 — Sharpe: -0.2587 | Mejor: 12.2777
2026-06-10 20:44:56 [INFO] training.optimizer — Trial 6/10 — Sharpe: 0.0767 | Mejor: 12.2777
2026-06-10 20:44:58 [INFO] training.optimizer — Trial 7/10 — Sharpe: -6.8621 | Mejor: 12.2777
2026-06-10 20:45:00 [INFO] training.optimizer — Trial 8/10 — Sharpe: 2.8266 | Mejor: 12.2777
2026-06-10 20:45:03 [INFO] training.optimizer — Trial 9/10 — Sharpe: 2.2942 | Mejor: 12.2777
2026-06-10 20:45:10 [INFO] training.optimizer — Trial 10/10 — Sharpe: 1.1705 | Mejor: 12.2777
2026-06-10 20:45:10 [INFO] training.optimizer — Optimización completada — Mejor Sharpe: 12.2777 (sobre 10 trials totales)
2026-06-10 20:45:10 [INFO] training.optimizer — Mejores parámetros: {'LABEL_HORIZON': 10, 'LABEL_THRESHOLD': 0.0009605714451279329, 'RSI_PERIOD': 23, 'EMA_FAST': 22, 'EMA_SLOW': 45, 'BB_PERIOD': 13, 'n_estimators': 123, 'max_depth': 6, 'learning_rate': 0.039913058785616795, 'subsample': 0.8540362888980227, 'colsample_bytree': 0.5102922471479012, 'reg_lambda': 8.706020878304859}
2026-06-10 20:45:10 [INFO] training.optimizer — Mejores parámetros guardados en C:\Users\ferna\Desktop\BOTS\botentrenamiento\models\best_params.json
2026-06-10 20:45:10 [INFO] training.optimizer — config.py actualizado con los mejores parámetros de Optuna.
2026-06-10 20:45:10 [INFO] __main__ — Parámetros optimizados aplicados. Módulos recargados.
2026-06-10 20:45:10 [INFO] features.indicators — Indicadores calculados. Filas resultantes: 99986
2026-06-10 20:45:10 [INFO] training.labeler — Etiquetas generadas — HOLD: 82911 | BUY: 8804 | SELL: 8261 | NaN: 10
2026-06-10 20:45:10 [INFO] __main__ — Distribución de etiquetas: {'HOLD': 82.93, 'BUY': 8.81, 'SELL': 8.26}
2026-06-10 20:45:10 [INFO] training.dataset — Dataset construido: 99976 filas, 15 features.
2026-06-10 20:45:10 [INFO] training.dataset — Balance de clases — HOLD: 82911 (82.9%) | BUY: 8804 (8.8%) | SELL: 8261 (8.3%)
2026-06-10 20:45:10 [INFO] __main__ — Operaciones históricas en SQLite: 0
2026-06-10 20:45:10 [INFO] training.trainer — === Iniciando entrenamiento ===
2026-06-10 20:45:10 [INFO] training.dataset — Train/Test split — Train: 79980 filas (2025-02-05 23:35:00 → 2026-03-05 16:30:00) | Test: 19996 filas (2026-03-05 16:35:00 → 2026-06-11 02:50:00)
2026-06-10 20:45:10 [INFO] training.trainer — Walk-forward validation con 8 folds...
2026-06-10 20:45:10 [INFO] training.trainer — Modelo entrenado con 8886 muestras, 15 features.
2026-06-10 20:45:11 [INFO] training.trainer — Modelo entrenado con 17772 muestras, 15 features.
2026-06-10 20:45:11 [INFO] training.trainer — Modelo entrenado con 26658 muestras, 15 features.
2026-06-10 20:45:12 [INFO] training.trainer — Modelo entrenado con 35544 muestras, 15 features.
2026-06-10 20:45:12 [INFO] training.trainer — Modelo entrenado con 44430 muestras, 15 features.
2026-06-10 20:45:13 [INFO] training.trainer — Modelo entrenado con 53316 muestras, 15 features.
2026-06-10 20:45:14 [INFO] training.trainer — Modelo entrenado con 62202 muestras, 15 features.
2026-06-10 20:45:15 [INFO] training.trainer — Modelo entrenado con 71088 muestras, 15 features.
2026-06-10 20:45:15 [INFO] training.trainer — Walk-forward promedio — Sharpe: -2.449 | Win rate: 0.307 | Drawdown: 0.004
2026-06-10 20:45:15 [INFO] training.trainer — Modelo entrenado con 79980 muestras, 15 features.
2026-06-10 20:45:15 [INFO] training.trainer — OOS — Sharpe: 101.614 | Win rate: 0.786 | Drawdown: 0.001 | Profit factor: 7.094
2026-06-10 20:45:15 [WARNING] training.trainer — Umbrales mínimos: Sharpe>=1.00 (101.614) | WinRate>=0.50 (0.786) | Drawdown<=0.15 (0.001) | Trades>=30 (14)
2026-06-10 20:45:15 [WARNING] training.trainer — El modelo NO supera los umbrales mínimos. No se guarda.
2026-06-10 20:45:16 [INFO] __main__ — Entrenamiento completado. Modelo anterior conservado.
2026-06-10 20:45:16 [INFO] data.mt5_connector — MT5 desconectado.
2026-06-10 20:45:16 [INFO] __main__ — ━━━━━━━━━━━━━━━━━━━━━━━━━━━━━━━━━━━━━━━━━━━━━━━
2026-06-10 20:45:16 [INFO] __main__ — BOT DE ENTRENAMIENTO — FIN
2026-06-10 20:45:16 [INFO] __main__ — ━━━━━━━━━━━━━━━━━━━━━━━━━━━━━━━━━━━━━━━━━━━━━━━
2026-06-10 20:56:08 [INFO] __main__ — ━━━━━━━━━━━━━━━━━━━━━━━━━━━━━━━━━━━━━━━━━━━━━━━
2026-06-10 20:56:08 [INFO] __main__ — BOT DE ENTRENAMIENTO — INICIO (modo optimización)
2026-06-10 20:56:08 [INFO] __main__ — ━━━━━━━━━━━━━━━━━━━━━━━━━━━━━━━━━━━━━━━━━━━━━━━
2026-06-10 20:56:08 [INFO] data.mt5_connector — MT5 conectado — build 5836, cuenta: 101396200
2026-06-10 20:56:08 [INFO] data.mt5_connector — Descargando 300000 velas de EURUSD M5 en chunks de 50000...
2026-06-10 20:56:08 [INFO] data.mt5_connector —   chunk 1/6 — 50000 velas acumuladas
2026-06-10 20:56:08 [INFO] data.mt5_connector —   chunk 2/6 — 100000 velas acumuladas
2026-06-10 20:56:08 [INFO] data.mt5_connector —   chunk 3/6 — 100018 velas acumuladas
2026-06-10 20:56:08 [WARNING] data.mt5_connector — Broker devolvió 18 en lugar de 50000 — datos agotados.
2026-06-10 20:56:09 [INFO] data.mt5_connector — Total descargado: 100018 velas. Rango: 2025-02-05 21:10:00 → 2026-06-11 03:55:00
2026-06-10 20:56:09 [INFO] __main__ — Iniciando búsqueda de parámetros con Optuna (10 trials)...
2026-06-10 20:56:10 [INFO] training.optimizer — === Optimización iniciada — 10 trials nuevos (ya probados: 0, total: 10) ===
2026-06-10 20:56:12 [INFO] training.optimizer — Trial 1/10 — Sharpe: 3.4922 | Mejor: 3.4922
2026-06-10 20:56:14 [INFO] training.optimizer — Trial 2/10 — Sharpe: 5.5913 | Mejor: 5.5913
2026-06-10 20:56:16 [INFO] training.optimizer — Trial 3/10 — Sharpe: 4.8813 | Mejor: 5.5913
2026-06-10 20:56:18 [INFO] training.optimizer — Trial 4/10 — Sharpe: 3.2458 | Mejor: 5.5913
2026-06-10 20:56:21 [INFO] training.optimizer — Trial 5/10 — Sharpe: 3.7147 | Mejor: 5.5913
2026-06-10 20:56:23 [INFO] training.optimizer — Trial 6/10 — Sharpe: 1.9374 | Mejor: 5.5913
2026-06-10 20:56:25 [INFO] training.optimizer — Trial 7/10 — Sharpe: 4.4397 | Mejor: 5.5913
2026-06-10 20:56:26 [INFO] training.optimizer — Trial 8/10 — Sharpe: 3.1714 | Mejor: 5.5913
2026-06-10 20:56:29 [INFO] training.optimizer — Trial 9/10 — Sharpe: 2.4014 | Mejor: 5.5913
2026-06-10 20:56:33 [INFO] training.optimizer — Trial 10/10 — Sharpe: 1.1975 | Mejor: 5.5913
2026-06-10 20:56:33 [INFO] training.optimizer — Optimización completada — Mejor Sharpe: 5.5913 (sobre 10 trials totales)
2026-06-10 20:56:33 [INFO] training.optimizer — Mejores parámetros: {'EMA_FAST': 13, 'EMA_SLOW': 22, 'LABEL_HORIZON': 1, 'LABEL_THRESHOLD': 0.00012034899216775545, 'RSI_PERIOD': 8, 'BB_PERIOD': 13, 'n_estimators': 230, 'max_depth': 3, 'learning_rate': 0.06861811172897295, 'subsample': 0.6557975442608167, 'colsample_bytree': 0.7168578594140873, 'reg_lambda': 1.498365454855079}
2026-06-10 20:56:33 [INFO] training.optimizer — Mejores parámetros guardados en C:\Users\ferna\Desktop\BOTS\botentrenamiento\models\best_params.json
2026-06-10 20:56:33 [INFO] training.optimizer — config.py actualizado con los mejores parámetros de Optuna.
2026-06-10 20:56:33 [INFO] __main__ — Parámetros optimizados aplicados. Módulos recargados.
2026-06-10 20:56:33 [INFO] features.indicators — Indicadores calculados. Filas resultantes: 99999
2026-06-10 20:56:33 [INFO] training.labeler — Etiquetas generadas — HOLD: 49922 | BUY: 25083 | SELL: 24993 | NaN: 1
2026-06-10 20:56:33 [INFO] __main__ — Distribución de etiquetas: {'HOLD': 49.92, 'BUY': 25.08, 'SELL': 24.99}
2026-06-10 20:56:33 [INFO] training.dataset — Dataset construido: 99998 filas, 15 features.
2026-06-10 20:56:33 [INFO] training.dataset — Balance de clases — HOLD: 49922 (49.9%) | BUY: 25083 (25.1%) | SELL: 24993 (25.0%)
2026-06-10 20:56:33 [INFO] __main__ — Operaciones históricas en SQLite: 0
2026-06-10 20:56:33 [INFO] training.trainer — === Iniciando entrenamiento ===
2026-06-10 20:56:33 [INFO] training.dataset — Train/Test split — Train: 49999 filas (2025-02-05 22:45:00 → 2025-10-07 13:15:00) | Test: 49999 filas (2025-10-07 13:20:00 → 2026-06-11 03:50:00)
2026-06-10 20:56:33 [INFO] training.trainer — Walk-forward validation con 8 folds...
2026-06-10 20:56:33 [INFO] training.trainer — Modelo entrenado con 5555 muestras, 15 features.
2026-06-10 20:56:33 [INFO] training.trainer — Modelo entrenado con 11110 muestras, 15 features.
2026-06-10 20:56:34 [INFO] training.trainer — Modelo entrenado con 16665 muestras, 15 features.
2026-06-10 20:56:34 [INFO] training.trainer — Modelo entrenado con 22220 muestras, 15 features.
2026-06-10 20:56:35 [INFO] training.trainer — Modelo entrenado con 27775 muestras, 15 features.
2026-06-10 20:56:35 [INFO] training.trainer — Modelo entrenado con 33330 muestras, 15 features.
2026-06-10 20:56:36 [INFO] training.trainer — Modelo entrenado con 38885 muestras, 15 features.
2026-06-10 20:56:36 [INFO] training.trainer — Modelo entrenado con 44440 muestras, 15 features.
2026-06-10 20:56:36 [INFO] training.trainer — Walk-forward promedio — Sharpe: -3.689 | Win rate: 0.498 | Drawdown: 0.024
2026-06-10 20:56:37 [INFO] training.trainer — Modelo entrenado con 49999 muestras, 15 features.
2026-06-10 20:56:37 [INFO] training.trainer — OOS — Sharpe: 6.994 | Win rate: 0.509 | Drawdown: 0.029 | Profit factor: 1.062
2026-06-10 20:56:37 [WARNING] training.trainer — Umbrales mínimos: Sharpe>=1.00 (6.994) | WinRate>=0.52 (0.509) | Drawdown<=0.15 (0.029) | Trades>=500 (6182)
2026-06-10 20:56:37 [WARNING] training.trainer — El modelo NO supera los umbrales mínimos. No se guarda.
2026-06-10 20:56:37 [INFO] __main__ — Entrenamiento completado. Modelo anterior conservado.
2026-06-10 20:56:37 [INFO] data.mt5_connector — MT5 desconectado.
2026-06-10 20:56:37 [INFO] __main__ — ━━━━━━━━━━━━━━━━━━━━━━━━━━━━━━━━━━━━━━━━━━━━━━━
2026-06-10 20:56:37 [INFO] __main__ — BOT DE ENTRENAMIENTO — FIN
2026-06-10 20:56:37 [INFO] __main__ — ━━━━━━━━━━━━━━━━━━━━━━━━━━━━━━━━━━━━━━━━━━━━━━━
2026-06-10 21:04:05 [INFO] __main__ — ━━━━━━━━━━━━━━━━━━━━━━━━━━━━━━━━━━━━━━━━━━━━━━━
2026-06-10 21:04:05 [INFO] __main__ — BOT DE ENTRENAMIENTO — INICIO
2026-06-10 21:04:05 [INFO] __main__ — ━━━━━━━━━━━━━━━━━━━━━━━━━━━━━━━━━━━━━━━━━━━━━━━
2026-06-10 21:04:05 [INFO] data.mt5_connector — MT5 conectado — build 5836, cuenta: 101396200
2026-06-10 21:04:05 [INFO] data.mt5_connector — Descargando 300000 velas de EURUSD M5 en chunks de 50000...
2026-06-10 21:04:05 [INFO] data.mt5_connector —   chunk 1/6 — 50000 velas acumuladas
2026-06-10 21:04:05 [INFO] data.mt5_connector —   chunk 2/6 — 100000 velas acumuladas
2026-06-10 21:04:05 [INFO] data.mt5_connector —   chunk 3/6 — 100019 velas acumuladas
2026-06-10 21:04:05 [WARNING] data.mt5_connector — Broker devolvió 19 en lugar de 50000 — datos agotados.
2026-06-10 21:04:05 [INFO] data.mt5_connector — Total descargado: 100019 velas. Rango: 2025-02-05 21:10:00 → 2026-06-11 04:00:00
2026-06-10 21:04:05 [ERROR] __main__ — Error inesperado durante el entrenamiento: cannot import name 'LABEL_THRESHOLD' from 'config' (C:\Users\ferna\Desktop\BOTS\botentrenamiento\config.py)
Traceback (most recent call last):
  File "C:\Users\ferna\Desktop\BOTS\botentrenamiento\train_bot.py", line 83, in run_training
    from training.labeler    import add_labels, label_distribution
  File "C:\Users\ferna\Desktop\BOTS\botentrenamiento\training\labeler.py", line 19, in <module>
    from config import LABEL_HORIZON, LABEL_THRESHOLD
ImportError: cannot import name 'LABEL_THRESHOLD' from 'config' (C:\Users\ferna\Desktop\BOTS\botentrenamiento\config.py)
2026-06-10 21:04:05 [INFO] data.mt5_connector — MT5 desconectado.
2026-06-10 21:04:05 [INFO] __main__ — ━━━━━━━━━━━━━━━━━━━━━━━━━━━━━━━━━━━━━━━━━━━━━━━
2026-06-10 21:04:05 [INFO] __main__ — BOT DE ENTRENAMIENTO — FIN
2026-06-10 21:04:05 [INFO] __main__ — ━━━━━━━━━━━━━━━━━━━━━━━━━━━━━━━━━━━━━━━━━━━━━━━
2026-06-10 21:04:09 [INFO] __main__ — ━━━━━━━━━━━━━━━━━━━━━━━━━━━━━━━━━━━━━━━━━━━━━━━
2026-06-10 21:04:09 [INFO] __main__ — BOT DE ENTRENAMIENTO — INICIO
2026-06-10 21:04:09 [INFO] __main__ — ━━━━━━━━━━━━━━━━━━━━━━━━━━━━━━━━━━━━━━━━━━━━━━━
2026-06-10 21:04:09 [INFO] data.mt5_connector — MT5 conectado — build 5836, cuenta: 101396200
2026-06-10 21:04:09 [INFO] data.mt5_connector — Descargando 300000 velas de EURUSD M5 en chunks de 50000...
2026-06-10 21:04:09 [INFO] data.mt5_connector —   chunk 1/6 — 50000 velas acumuladas
2026-06-10 21:04:09 [INFO] data.mt5_connector —   chunk 2/6 — 100000 velas acumuladas
2026-06-10 21:04:09 [INFO] data.mt5_connector —   chunk 3/6 — 100019 velas acumuladas
2026-06-10 21:04:09 [WARNING] data.mt5_connector — Broker devolvió 19 en lugar de 50000 — datos agotados.
2026-06-10 21:04:09 [INFO] data.mt5_connector — Total descargado: 100019 velas. Rango: 2025-02-05 21:10:00 → 2026-06-11 04:00:00
2026-06-10 21:04:09 [ERROR] __main__ — Error inesperado durante el entrenamiento: cannot import name 'LABEL_THRESHOLD' from 'config' (C:\Users\ferna\Desktop\BOTS\botentrenamiento\config.py)
Traceback (most recent call last):
  File "C:\Users\ferna\Desktop\BOTS\botentrenamiento\train_bot.py", line 83, in run_training
    from training.labeler    import add_labels, label_distribution
  File "C:\Users\ferna\Desktop\BOTS\botentrenamiento\training\labeler.py", line 19, in <module>
    from config import LABEL_HORIZON, LABEL_THRESHOLD
ImportError: cannot import name 'LABEL_THRESHOLD' from 'config' (C:\Users\ferna\Desktop\BOTS\botentrenamiento\config.py)
2026-06-10 21:04:09 [INFO] data.mt5_connector — MT5 desconectado.
2026-06-10 21:04:09 [INFO] __main__ — ━━━━━━━━━━━━━━━━━━━━━━━━━━━━━━━━━━━━━━━━━━━━━━━
2026-06-10 21:04:09 [INFO] __main__ — BOT DE ENTRENAMIENTO — FIN
2026-06-10 21:04:09 [INFO] __main__ — ━━━━━━━━━━━━━━━━━━━━━━━━━━━━━━━━━━━━━━━━━━━━━━━
2026-06-10 21:05:52 [INFO] __main__ — ━━━━━━━━━━━━━━━━━━━━━━━━━━━━━━━━━━━━━━━━━━━━━━━
2026-06-10 21:05:52 [INFO] __main__ — BOT DE ENTRENAMIENTO — INICIO
2026-06-10 21:05:52 [INFO] __main__ — ━━━━━━━━━━━━━━━━━━━━━━━━━━━━━━━━━━━━━━━━━━━━━━━
2026-06-10 21:05:52 [INFO] data.mt5_connector — MT5 conectado — build 5836, cuenta: 101396200
2026-06-10 21:05:52 [INFO] data.mt5_connector — Descargando 300000 velas de EURUSD M5 en chunks de 50000...
2026-06-10 21:05:52 [INFO] data.mt5_connector —   chunk 1/6 — 50000 velas acumuladas
2026-06-10 21:05:52 [INFO] data.mt5_connector —   chunk 2/6 — 100000 velas acumuladas
2026-06-10 21:05:52 [INFO] data.mt5_connector —   chunk 3/6 — 100020 velas acumuladas
2026-06-10 21:05:52 [WARNING] data.mt5_connector — Broker devolvió 20 en lugar de 50000 — datos agotados.
2026-06-10 21:05:52 [INFO] data.mt5_connector — Total descargado: 100020 velas. Rango: 2025-02-05 21:10:00 → 2026-06-11 04:05:00
2026-06-10 21:05:53 [INFO] features.indicators — Indicadores calculados. Filas resultantes: 100001
2026-06-10 21:05:53 [INFO] training.labeler — Etiquetas generadas — HOLD: 49923 | BUY: 25084 | SELL: 24993 | NaN: 1
2026-06-10 21:05:53 [INFO] __main__ — Distribución de etiquetas: {'HOLD': 49.92, 'BUY': 25.08, 'SELL': 24.99}
2026-06-10 21:05:53 [INFO] training.dataset — Dataset construido: 100000 filas, 15 features.
2026-06-10 21:05:53 [INFO] training.dataset — Balance de clases — HOLD: 49923 (49.9%) | BUY: 25084 (25.1%) | SELL: 24993 (25.0%)
2026-06-10 21:05:53 [INFO] __main__ — Operaciones históricas en SQLite: 0
2026-06-10 21:05:53 [INFO] training.trainer — === Iniciando entrenamiento ===
2026-06-10 21:05:53 [INFO] training.dataset — Train/Test split — Train: 50000 filas (2025-02-05 22:45:00 → 2025-10-07 13:20:00) | Test: 50000 filas (2025-10-07 13:25:00 → 2026-06-11 04:00:00)
2026-06-10 21:05:53 [INFO] training.trainer — Walk-forward validation con 8 folds...
2026-06-10 21:05:53 [INFO] training.trainer — Modelo entrenado con 5555 muestras, 15 features.
2026-06-10 21:05:54 [INFO] training.trainer — Modelo entrenado con 11110 muestras, 15 features.
2026-06-10 21:05:54 [INFO] training.trainer — Modelo entrenado con 16665 muestras, 15 features.
2026-06-10 21:05:54 [INFO] training.trainer — Modelo entrenado con 22220 muestras, 15 features.
2026-06-10 21:05:55 [INFO] training.trainer — Modelo entrenado con 27775 muestras, 15 features.
2026-06-10 21:05:55 [INFO] training.trainer — Modelo entrenado con 33330 muestras, 15 features.
2026-06-10 21:05:56 [INFO] training.trainer — Modelo entrenado con 38885 muestras, 15 features.
2026-06-10 21:05:57 [INFO] training.trainer — Modelo entrenado con 44440 muestras, 15 features.
2026-06-10 21:05:57 [INFO] training.trainer — Walk-forward promedio — Sharpe: -4.757 | Win rate: 0.497 | Drawdown: 0.023
2026-06-10 21:05:58 [INFO] training.trainer — Modelo entrenado con 50000 muestras, 15 features.
2026-06-10 21:05:58 [INFO] training.trainer — OOS — Sharpe: 5.606 | Win rate: 0.506 | Drawdown: 0.034 | Profit factor: 1.050
2026-06-10 21:05:58 [WARNING] training.trainer — Umbrales mínimos: Sharpe>=1.00 (5.606) | WinRate>=0.52 (0.506) | Drawdown<=0.15 (0.034) | Trades>=500 (6153)
2026-06-10 21:05:58 [WARNING] training.trainer — El modelo NO supera los umbrales mínimos. No se guarda.
2026-06-10 21:05:58 [INFO] __main__ — Entrenamiento completado. Modelo anterior conservado.
2026-06-10 21:05:58 [INFO] data.mt5_connector — MT5 desconectado.
2026-06-10 21:05:58 [INFO] __main__ — ━━━━━━━━━━━━━━━━━━━━━━━━━━━━━━━━━━━━━━━━━━━━━━━
2026-06-10 21:05:58 [INFO] __main__ — BOT DE ENTRENAMIENTO — FIN
2026-06-10 21:05:58 [INFO] __main__ — ━━━━━━━━━━━━━━━━━━━━━━━━━━━━━━━━━━━━━━━━━━━━━━━
2026-06-10 21:08:36 [INFO] __main__ — ━━━━━━━━━━━━━━━━━━━━━━━━━━━━━━━━━━━━━━━━━━━━━━━
2026-06-10 21:08:36 [INFO] __main__ — BOT DE ENTRENAMIENTO — INICIO
2026-06-10 21:08:36 [INFO] __main__ — ━━━━━━━━━━━━━━━━━━━━━━━━━━━━━━━━━━━━━━━━━━━━━━━
2026-06-10 21:08:36 [INFO] data.mt5_connector — MT5 conectado — build 5836, cuenta: 101396200
2026-06-10 21:08:36 [INFO] data.mt5_connector — Descargando 300000 velas de EURUSD M5 en chunks de 50000...
2026-06-10 21:08:36 [INFO] data.mt5_connector —   chunk 1/6 — 50000 velas acumuladas
2026-06-10 21:08:36 [INFO] data.mt5_connector —   chunk 2/6 — 100000 velas acumuladas
2026-06-10 21:08:36 [INFO] data.mt5_connector —   chunk 3/6 — 100020 velas acumuladas
2026-06-10 21:08:36 [WARNING] data.mt5_connector — Broker devolvió 20 en lugar de 50000 — datos agotados.
2026-06-10 21:08:36 [INFO] data.mt5_connector — Total descargado: 100020 velas. Rango: 2025-02-05 21:10:00 → 2026-06-11 04:05:00
2026-06-10 21:08:37 [INFO] features.indicators — Indicadores calculados. Filas resultantes: 100001
2026-06-10 21:08:37 [INFO] training.labeler — Etiquetas generadas — HOLD: 37648 | BUY: 31267 | SELL: 31084 | NaN: 2
2026-06-10 21:08:37 [INFO] __main__ — Distribución de etiquetas: {'HOLD': 37.65, 'BUY': 31.27, 'SELL': 31.08}
2026-06-10 21:08:37 [INFO] training.dataset — Dataset construido: 99999 filas, 15 features.
2026-06-10 21:08:37 [INFO] training.dataset — Balance de clases — HOLD: 37648 (37.6%) | BUY: 31267 (31.3%) | SELL: 31084 (31.1%)
2026-06-10 21:08:37 [INFO] __main__ — Operaciones históricas en SQLite: 0
2026-06-10 21:08:37 [INFO] training.trainer — === Iniciando entrenamiento ===
2026-06-10 21:08:37 [INFO] training.dataset — Train/Test split — Train: 49999 filas (2025-02-05 22:45:00 → 2025-10-07 13:15:00) | Test: 50000 filas (2025-10-07 13:20:00 → 2026-06-11 03:55:00)
2026-06-10 21:08:37 [INFO] training.trainer — Walk-forward validation con 8 folds...
2026-06-10 21:08:38 [INFO] training.trainer — Modelo entrenado con 5555 muestras, 15 features.
2026-06-10 21:08:38 [INFO] training.trainer — Modelo entrenado con 11110 muestras, 15 features.
2026-06-10 21:08:38 [INFO] training.trainer — Modelo entrenado con 16665 muestras, 15 features.
2026-06-10 21:08:39 [INFO] training.trainer — Modelo entrenado con 22220 muestras, 15 features.
2026-06-10 21:08:39 [INFO] training.trainer — Modelo entrenado con 27775 muestras, 15 features.
2026-06-10 21:08:40 [INFO] training.trainer — Modelo entrenado con 33330 muestras, 15 features.
2026-06-10 21:08:40 [INFO] training.trainer — Modelo entrenado con 38885 muestras, 15 features.
2026-06-10 21:08:41 [INFO] training.trainer — Modelo entrenado con 44440 muestras, 15 features.
2026-06-10 21:08:41 [INFO] training.trainer — Walk-forward promedio — Sharpe: 0.591 | Win rate: 0.502 | Drawdown: 0.025
2026-06-10 21:08:42 [INFO] training.trainer — Modelo entrenado con 49999 muestras, 15 features.
2026-06-10 21:08:42 [INFO] training.trainer — OOS — Sharpe: 4.614 | Win rate: 0.503 | Drawdown: 0.027 | Profit factor: 1.042
2026-06-10 21:08:42 [WARNING] training.trainer — Umbrales mínimos: Sharpe>=1.00 (4.614) | WinRate>=0.52 (0.503) | Drawdown<=0.15 (0.027) | Trades>=500 (17219)
2026-06-10 21:08:42 [WARNING] training.trainer — El modelo NO supera los umbrales mínimos. No se guarda.
2026-06-10 21:08:42 [INFO] __main__ — Entrenamiento completado. Modelo anterior conservado.
2026-06-10 21:08:42 [INFO] data.mt5_connector — MT5 desconectado.
2026-06-10 21:08:42 [INFO] __main__ — ━━━━━━━━━━━━━━━━━━━━━━━━━━━━━━━━━━━━━━━━━━━━━━━
2026-06-10 21:08:42 [INFO] __main__ — BOT DE ENTRENAMIENTO — FIN
2026-06-10 21:08:42 [INFO] __main__ — ━━━━━━━━━━━━━━━━━━━━━━━━━━━━━━━━━━━━━━━━━━━━━━━
2026-06-10 21:08:52 [INFO] __main__ — ━━━━━━━━━━━━━━━━━━━━━━━━━━━━━━━━━━━━━━━━━━━━━━━
2026-06-10 21:08:52 [INFO] __main__ — BOT DE ENTRENAMIENTO — INICIO
2026-06-10 21:08:52 [INFO] __main__ — ━━━━━━━━━━━━━━━━━━━━━━━━━━━━━━━━━━━━━━━━━━━━━━━
2026-06-10 21:08:52 [INFO] data.mt5_connector — MT5 conectado — build 5836, cuenta: 101396200
2026-06-10 21:08:52 [INFO] data.mt5_connector — Descargando 300000 velas de EURUSD M5 en chunks de 50000...
2026-06-10 21:08:52 [INFO] data.mt5_connector —   chunk 1/6 — 50000 velas acumuladas
2026-06-10 21:08:52 [INFO] data.mt5_connector —   chunk 2/6 — 100000 velas acumuladas
2026-06-10 21:08:52 [INFO] data.mt5_connector —   chunk 3/6 — 100020 velas acumuladas
2026-06-10 21:08:52 [WARNING] data.mt5_connector — Broker devolvió 20 en lugar de 50000 — datos agotados.
2026-06-10 21:08:52 [INFO] data.mt5_connector — Total descargado: 100020 velas. Rango: 2025-02-05 21:10:00 → 2026-06-11 04:05:00
2026-06-10 21:08:53 [INFO] features.indicators — Indicadores calculados. Filas resultantes: 100001
2026-06-10 21:08:53 [INFO] training.labeler — Etiquetas generadas — HOLD: 37648 | BUY: 31267 | SELL: 31084 | NaN: 2
2026-06-10 21:08:53 [INFO] __main__ — Distribución de etiquetas: {'HOLD': 37.65, 'BUY': 31.27, 'SELL': 31.08}
2026-06-10 21:08:53 [INFO] training.dataset — Dataset construido: 99999 filas, 15 features.
2026-06-10 21:08:53 [INFO] training.dataset — Balance de clases — HOLD: 37648 (37.6%) | BUY: 31267 (31.3%) | SELL: 31084 (31.1%)
2026-06-10 21:08:53 [INFO] __main__ — Operaciones históricas en SQLite: 0
2026-06-10 21:08:53 [INFO] training.trainer — === Iniciando entrenamiento ===
2026-06-10 21:08:53 [INFO] training.dataset — Train/Test split — Train: 49999 filas (2025-02-05 22:45:00 → 2025-10-07 13:15:00) | Test: 50000 filas (2025-10-07 13:20:00 → 2026-06-11 03:55:00)
2026-06-10 21:08:53 [INFO] training.trainer — Walk-forward validation con 8 folds...
2026-06-10 21:08:53 [INFO] training.trainer — Modelo entrenado con 5555 muestras, 15 features.
2026-06-10 21:08:53 [INFO] training.trainer — Modelo entrenado con 11110 muestras, 15 features.
2026-06-10 21:08:54 [INFO] training.trainer — Modelo entrenado con 16665 muestras, 15 features.
2026-06-10 21:08:54 [INFO] training.trainer — Modelo entrenado con 22220 muestras, 15 features.
2026-06-10 21:08:55 [INFO] training.trainer — Modelo entrenado con 27775 muestras, 15 features.
2026-06-10 21:08:55 [INFO] training.trainer — Modelo entrenado con 33330 muestras, 15 features.
2026-06-10 21:08:56 [INFO] training.trainer — Modelo entrenado con 38885 muestras, 15 features.
2026-06-10 21:08:56 [INFO] training.trainer — Modelo entrenado con 44440 muestras, 15 features.
2026-06-10 21:08:56 [INFO] training.trainer — Walk-forward promedio — Sharpe: 0.591 | Win rate: 0.502 | Drawdown: 0.025
2026-06-10 21:08:57 [INFO] training.trainer — Modelo entrenado con 49999 muestras, 15 features.
2026-06-10 21:08:57 [INFO] training.trainer — OOS — Sharpe: 4.614 | Win rate: 0.503 | Drawdown: 0.027 | Profit factor: 1.042
2026-06-10 21:08:57 [WARNING] training.trainer — Umbrales mínimos: Sharpe>=1.00 (4.614) | WinRate>=0.52 (0.503) | Drawdown<=0.15 (0.027) | Trades>=500 (17219)
2026-06-10 21:08:57 [WARNING] training.trainer — El modelo NO supera los umbrales mínimos. No se guarda.
2026-06-10 21:08:57 [INFO] __main__ — Entrenamiento completado. Modelo anterior conservado.
2026-06-10 21:08:57 [INFO] data.mt5_connector — MT5 desconectado.
2026-06-10 21:08:57 [INFO] __main__ — ━━━━━━━━━━━━━━━━━━━━━━━━━━━━━━━━━━━━━━━━━━━━━━━
2026-06-10 21:08:57 [INFO] __main__ — BOT DE ENTRENAMIENTO — FIN
2026-06-10 21:08:57 [INFO] __main__ — ━━━━━━━━━━━━━━━━━━━━━━━━━━━━━━━━━━━━━━━━━━━━━━━
2026-06-10 21:09:14 [INFO] __main__ — ━━━━━━━━━━━━━━━━━━━━━━━━━━━━━━━━━━━━━━━━━━━━━━━
2026-06-10 21:09:14 [INFO] __main__ — BOT DE ENTRENAMIENTO — INICIO
2026-06-10 21:09:14 [INFO] __main__ — ━━━━━━━━━━━━━━━━━━━━━━━━━━━━━━━━━━━━━━━━━━━━━━━
2026-06-10 21:09:14 [INFO] data.mt5_connector — MT5 conectado — build 5836, cuenta: 101396200
2026-06-10 21:09:14 [INFO] data.mt5_connector — Descargando 300000 velas de EURUSD M5 en chunks de 50000...
2026-06-10 21:09:14 [INFO] data.mt5_connector —   chunk 1/6 — 50000 velas acumuladas
2026-06-10 21:09:14 [INFO] data.mt5_connector —   chunk 2/6 — 100000 velas acumuladas
2026-06-10 21:09:14 [INFO] data.mt5_connector —   chunk 3/6 — 100020 velas acumuladas
2026-06-10 21:09:14 [WARNING] data.mt5_connector — Broker devolvió 20 en lugar de 50000 — datos agotados.
2026-06-10 21:09:14 [INFO] data.mt5_connector — Total descargado: 100020 velas. Rango: 2025-02-05 21:10:00 → 2026-06-11 04:05:00
2026-06-10 21:09:15 [INFO] features.indicators — Indicadores calculados. Filas resultantes: 100001
2026-06-10 21:09:15 [INFO] training.labeler — Etiquetas generadas — HOLD: 31444 | BUY: 34394 | SELL: 34160 | NaN: 3
2026-06-10 21:09:15 [INFO] __main__ — Distribución de etiquetas: {'BUY': 34.39, 'SELL': 34.16, 'HOLD': 31.44}
2026-06-10 21:09:15 [INFO] training.dataset — Dataset construido: 99998 filas, 15 features.
2026-06-10 21:09:15 [INFO] training.dataset — Balance de clases — HOLD: 31444 (31.4%) | BUY: 34394 (34.4%) | SELL: 34160 (34.2%)
2026-06-10 21:09:15 [INFO] __main__ — Operaciones históricas en SQLite: 0
2026-06-10 21:09:15 [INFO] training.trainer — === Iniciando entrenamiento ===
2026-06-10 21:09:15 [INFO] training.dataset — Train/Test split — Train: 49999 filas (2025-02-05 22:45:00 → 2025-10-07 13:15:00) | Test: 49999 filas (2025-10-07 13:20:00 → 2026-06-11 03:50:00)
2026-06-10 21:09:15 [INFO] training.trainer — Walk-forward validation con 8 folds...
2026-06-10 21:09:15 [INFO] training.trainer — Modelo entrenado con 5555 muestras, 15 features.
2026-06-10 21:09:15 [INFO] training.trainer — Modelo entrenado con 11110 muestras, 15 features.
2026-06-10 21:09:16 [INFO] training.trainer — Modelo entrenado con 16665 muestras, 15 features.
2026-06-10 21:09:16 [INFO] training.trainer — Modelo entrenado con 22220 muestras, 15 features.
2026-06-10 21:09:17 [INFO] training.trainer — Modelo entrenado con 27775 muestras, 15 features.
2026-06-10 21:09:17 [INFO] training.trainer — Modelo entrenado con 33330 muestras, 15 features.
2026-06-10 21:09:18 [INFO] training.trainer — Modelo entrenado con 38885 muestras, 15 features.
2026-06-10 21:09:18 [INFO] training.trainer — Modelo entrenado con 44440 muestras, 15 features.
2026-06-10 21:09:18 [INFO] training.trainer — Walk-forward promedio — Sharpe: 1.914 | Win rate: 0.502 | Drawdown: 0.028
2026-06-10 21:09:19 [INFO] training.trainer — Modelo entrenado con 49999 muestras, 15 features.
2026-06-10 21:09:19 [INFO] training.trainer — OOS — Sharpe: 4.739 | Win rate: 0.510 | Drawdown: 0.040 | Profit factor: 1.043
2026-06-10 21:09:19 [WARNING] training.trainer — Umbrales mínimos: Sharpe>=1.00 (4.739) | WinRate>=0.52 (0.510) | Drawdown<=0.15 (0.040) | Trades>=500 (28363)
2026-06-10 21:09:19 [WARNING] training.trainer — El modelo NO supera los umbrales mínimos. No se guarda.
2026-06-10 21:09:19 [INFO] __main__ — Entrenamiento completado. Modelo anterior conservado.
2026-06-10 21:09:19 [INFO] data.mt5_connector — MT5 desconectado.
2026-06-10 21:09:19 [INFO] __main__ — ━━━━━━━━━━━━━━━━━━━━━━━━━━━━━━━━━━━━━━━━━━━━━━━
2026-06-10 21:09:19 [INFO] __main__ — BOT DE ENTRENAMIENTO — FIN
2026-06-10 21:09:19 [INFO] __main__ — ━━━━━━━━━━━━━━━━━━━━━━━━━━━━━━━━━━━━━━━━━━━━━━━
2026-06-10 21:09:30 [INFO] __main__ — ━━━━━━━━━━━━━━━━━━━━━━━━━━━━━━━━━━━━━━━━━━━━━━━
2026-06-10 21:09:30 [INFO] __main__ — BOT DE ENTRENAMIENTO — INICIO
2026-06-10 21:09:30 [INFO] __main__ — ━━━━━━━━━━━━━━━━━━━━━━━━━━━━━━━━━━━━━━━━━━━━━━━
2026-06-10 21:09:30 [INFO] data.mt5_connector — MT5 conectado — build 5836, cuenta: 101396200
2026-06-10 21:09:30 [INFO] data.mt5_connector — Descargando 300000 velas de EURUSD M5 en chunks de 50000...
2026-06-10 21:09:30 [INFO] data.mt5_connector —   chunk 1/6 — 50000 velas acumuladas
2026-06-10 21:09:30 [INFO] data.mt5_connector —   chunk 2/6 — 100000 velas acumuladas
2026-06-10 21:09:30 [INFO] data.mt5_connector —   chunk 3/6 — 100020 velas acumuladas
2026-06-10 21:09:30 [WARNING] data.mt5_connector — Broker devolvió 20 en lugar de 50000 — datos agotados.
2026-06-10 21:09:30 [INFO] data.mt5_connector — Total descargado: 100020 velas. Rango: 2025-02-05 21:10:00 → 2026-06-11 04:05:00
2026-06-10 21:09:31 [INFO] features.indicators — Indicadores calculados. Filas resultantes: 100001
2026-06-10 21:09:31 [INFO] training.labeler — Etiquetas generadas — HOLD: 31444 | BUY: 34394 | SELL: 34160 | NaN: 3
2026-06-10 21:09:31 [INFO] __main__ — Distribución de etiquetas: {'BUY': 34.39, 'SELL': 34.16, 'HOLD': 31.44}
2026-06-10 21:09:31 [INFO] training.dataset — Dataset construido: 99998 filas, 15 features.
2026-06-10 21:09:31 [INFO] training.dataset — Balance de clases — HOLD: 31444 (31.4%) | BUY: 34394 (34.4%) | SELL: 34160 (34.2%)
2026-06-10 21:09:31 [INFO] __main__ — Operaciones históricas en SQLite: 0
2026-06-10 21:09:31 [INFO] training.trainer — === Iniciando entrenamiento ===
2026-06-10 21:09:31 [INFO] training.dataset — Train/Test split — Train: 49999 filas (2025-02-05 22:45:00 → 2025-10-07 13:15:00) | Test: 49999 filas (2025-10-07 13:20:00 → 2026-06-11 03:50:00)
2026-06-10 21:09:31 [INFO] training.trainer — Walk-forward validation con 8 folds...
2026-06-10 21:09:31 [INFO] training.trainer — Modelo entrenado con 5555 muestras, 15 features.
2026-06-10 21:09:32 [INFO] training.trainer — Modelo entrenado con 11110 muestras, 15 features.
2026-06-10 21:09:32 [INFO] training.trainer — Modelo entrenado con 16665 muestras, 15 features.
2026-06-10 21:09:32 [INFO] training.trainer — Modelo entrenado con 22220 muestras, 15 features.
2026-06-10 21:09:33 [INFO] training.trainer — Modelo entrenado con 27775 muestras, 15 features.
2026-06-10 21:09:34 [INFO] training.trainer — Modelo entrenado con 33330 muestras, 15 features.
2026-06-10 21:09:34 [INFO] training.trainer — Modelo entrenado con 38885 muestras, 15 features.
2026-06-10 21:09:35 [INFO] training.trainer — Modelo entrenado con 44440 muestras, 15 features.
2026-06-10 21:09:35 [INFO] training.trainer — Walk-forward promedio — Sharpe: 1.914 | Win rate: 0.502 | Drawdown: 0.028
2026-06-10 21:09:35 [INFO] training.trainer — Modelo entrenado con 49999 muestras, 15 features.
2026-06-10 21:09:36 [INFO] training.trainer — OOS — Sharpe: 4.739 | Win rate: 0.510 | Drawdown: 0.040 | Profit factor: 1.043
2026-06-10 21:09:36 [WARNING] training.trainer — Umbrales mínimos: Sharpe>=1.00 (4.739) | WinRate>=0.52 (0.510) | Drawdown<=0.15 (0.040) | Trades>=500 (28363)
2026-06-10 21:09:36 [WARNING] training.trainer — El modelo NO supera los umbrales mínimos. No se guarda.
2026-06-10 21:09:36 [INFO] __main__ — Entrenamiento completado. Modelo anterior conservado.
2026-06-10 21:09:36 [INFO] data.mt5_connector — MT5 desconectado.
2026-06-10 21:09:36 [INFO] __main__ — ━━━━━━━━━━━━━━━━━━━━━━━━━━━━━━━━━━━━━━━━━━━━━━━
2026-06-10 21:09:36 [INFO] __main__ — BOT DE ENTRENAMIENTO — FIN
2026-06-10 21:09:36 [INFO] __main__ — ━━━━━━━━━━━━━━━━━━━━━━━━━━━━━━━━━━━━━━━━━━━━━━━
2026-06-10 21:09:42 [INFO] __main__ — ━━━━━━━━━━━━━━━━━━━━━━━━━━━━━━━━━━━━━━━━━━━━━━━
2026-06-10 21:09:42 [INFO] __main__ — BOT DE ENTRENAMIENTO — INICIO
2026-06-10 21:09:42 [INFO] __main__ — ━━━━━━━━━━━━━━━━━━━━━━━━━━━━━━━━━━━━━━━━━━━━━━━
2026-06-10 21:09:42 [INFO] data.mt5_connector — MT5 conectado — build 5836, cuenta: 101396200
2026-06-10 21:09:42 [INFO] data.mt5_connector — Descargando 300000 velas de EURUSD M5 en chunks de 50000...
2026-06-10 21:09:42 [INFO] data.mt5_connector —   chunk 1/6 — 50000 velas acumuladas
2026-06-10 21:09:42 [INFO] data.mt5_connector —   chunk 2/6 — 100000 velas acumuladas
2026-06-10 21:09:42 [INFO] data.mt5_connector —   chunk 3/6 — 100020 velas acumuladas
2026-06-10 21:09:42 [WARNING] data.mt5_connector — Broker devolvió 20 en lugar de 50000 — datos agotados.
2026-06-10 21:09:42 [INFO] data.mt5_connector — Total descargado: 100020 velas. Rango: 2025-02-05 21:10:00 → 2026-06-11 04:05:00
2026-06-10 21:09:43 [INFO] features.indicators — Indicadores calculados. Filas resultantes: 100001
2026-06-10 21:09:43 [INFO] training.labeler — Etiquetas generadas — HOLD: 31444 | BUY: 34394 | SELL: 34160 | NaN: 3
2026-06-10 21:09:43 [INFO] __main__ — Distribución de etiquetas: {'BUY': 34.39, 'SELL': 34.16, 'HOLD': 31.44}
2026-06-10 21:09:43 [INFO] training.dataset — Dataset construido: 99998 filas, 15 features.
2026-06-10 21:09:43 [INFO] training.dataset — Balance de clases — HOLD: 31444 (31.4%) | BUY: 34394 (34.4%) | SELL: 34160 (34.2%)
2026-06-10 21:09:43 [INFO] __main__ — Operaciones históricas en SQLite: 0
2026-06-10 21:09:43 [INFO] training.trainer — === Iniciando entrenamiento ===
2026-06-10 21:09:43 [INFO] training.dataset — Train/Test split — Train: 49999 filas (2025-02-05 22:45:00 → 2025-10-07 13:15:00) | Test: 49999 filas (2025-10-07 13:20:00 → 2026-06-11 03:50:00)
2026-06-10 21:09:43 [INFO] training.trainer — Walk-forward validation con 8 folds...
2026-06-10 21:09:43 [INFO] training.trainer — Modelo entrenado con 5555 muestras, 15 features.
2026-06-10 21:09:44 [INFO] training.trainer — Modelo entrenado con 11110 muestras, 15 features.
2026-06-10 21:09:44 [INFO] training.trainer — Modelo entrenado con 16665 muestras, 15 features.
2026-06-10 21:09:45 [INFO] training.trainer — Modelo entrenado con 22220 muestras, 15 features.
2026-06-10 21:09:45 [INFO] training.trainer — Modelo entrenado con 27775 muestras, 15 features.
2026-06-10 21:09:46 [INFO] training.trainer — Modelo entrenado con 33330 muestras, 15 features.
2026-06-10 21:09:46 [INFO] training.trainer — Modelo entrenado con 38885 muestras, 15 features.
2026-06-10 21:09:47 [INFO] training.trainer — Modelo entrenado con 44440 muestras, 15 features.
2026-06-10 21:09:47 [INFO] training.trainer — Walk-forward promedio — Sharpe: 1.914 | Win rate: 0.502 | Drawdown: 0.028
2026-06-10 21:09:47 [INFO] training.trainer — Modelo entrenado con 49999 muestras, 15 features.
2026-06-10 21:09:48 [INFO] training.trainer — OOS — Sharpe: 4.739 | Win rate: 0.510 | Drawdown: 0.040 | Profit factor: 1.043
2026-06-10 21:09:48 [WARNING] training.trainer — Umbrales mínimos: Sharpe>=1.00 (4.739) | WinRate>=0.52 (0.510) | Drawdown<=0.15 (0.040) | Trades>=500 (28363)
2026-06-10 21:09:48 [WARNING] training.trainer — El modelo NO supera los umbrales mínimos. No se guarda.
2026-06-10 21:09:48 [INFO] __main__ — Entrenamiento completado. Modelo anterior conservado.
2026-06-10 21:09:48 [INFO] data.mt5_connector — MT5 desconectado.
2026-06-10 21:09:48 [INFO] __main__ — ━━━━━━━━━━━━━━━━━━━━━━━━━━━━━━━━━━━━━━━━━━━━━━━
2026-06-10 21:09:48 [INFO] __main__ — BOT DE ENTRENAMIENTO — FIN
2026-06-10 21:09:48 [INFO] __main__ — ━━━━━━━━━━━━━━━━━━━━━━━━━━━━━━━━━━━━━━━━━━━━━━━
2026-06-10 21:09:59 [INFO] __main__ — ━━━━━━━━━━━━━━━━━━━━━━━━━━━━━━━━━━━━━━━━━━━━━━━
2026-06-10 21:09:59 [INFO] __main__ — BOT DE ENTRENAMIENTO — INICIO
2026-06-10 21:09:59 [INFO] __main__ — ━━━━━━━━━━━━━━━━━━━━━━━━━━━━━━━━━━━━━━━━━━━━━━━
2026-06-10 21:09:59 [INFO] data.mt5_connector — MT5 conectado — build 5836, cuenta: 101396200
2026-06-10 21:09:59 [INFO] data.mt5_connector — Descargando 300000 velas de EURUSD M5 en chunks de 50000...
2026-06-10 21:09:59 [INFO] data.mt5_connector —   chunk 1/6 — 50000 velas acumuladas
2026-06-10 21:09:59 [INFO] data.mt5_connector —   chunk 2/6 — 100000 velas acumuladas
2026-06-10 21:09:59 [INFO] data.mt5_connector —   chunk 3/6 — 100020 velas acumuladas
2026-06-10 21:09:59 [WARNING] data.mt5_connector — Broker devolvió 20 en lugar de 50000 — datos agotados.
2026-06-10 21:09:59 [INFO] data.mt5_connector — Total descargado: 100020 velas. Rango: 2025-02-05 21:10:00 → 2026-06-11 04:05:00
2026-06-10 21:09:59 [INFO] features.indicators — Indicadores calculados. Filas resultantes: 100001
2026-06-10 21:09:59 [INFO] training.labeler — Etiquetas generadas — HOLD: 25005 | BUY: 37582 | SELL: 37409 | NaN: 5
2026-06-10 21:09:59 [INFO] __main__ — Distribución de etiquetas: {'BUY': 37.58, 'SELL': 37.41, 'HOLD': 25.01}
2026-06-10 21:10:00 [INFO] training.dataset — Dataset construido: 99996 filas, 15 features.
2026-06-10 21:10:00 [INFO] training.dataset — Balance de clases — HOLD: 25005 (25.0%) | BUY: 37582 (37.6%) | SELL: 37409 (37.4%)
2026-06-10 21:10:00 [INFO] __main__ — Operaciones históricas en SQLite: 0
2026-06-10 21:10:00 [INFO] training.trainer — === Iniciando entrenamiento ===
2026-06-10 21:10:00 [INFO] training.dataset — Train/Test split — Train: 49998 filas (2025-02-05 22:45:00 → 2025-10-07 13:10:00) | Test: 49998 filas (2025-10-07 13:15:00 → 2026-06-11 03:40:00)
2026-06-10 21:10:00 [INFO] training.trainer — Walk-forward validation con 8 folds...
2026-06-10 21:10:00 [INFO] training.trainer — Modelo entrenado con 5555 muestras, 15 features.
2026-06-10 21:10:00 [INFO] training.trainer — Modelo entrenado con 11110 muestras, 15 features.
2026-06-10 21:10:00 [INFO] training.trainer — Modelo entrenado con 16665 muestras, 15 features.
2026-06-10 21:10:01 [INFO] training.trainer — Modelo entrenado con 22220 muestras, 15 features.
2026-06-10 21:10:01 [INFO] training.trainer — Modelo entrenado con 27775 muestras, 15 features.
2026-06-10 21:10:02 [INFO] training.trainer — Modelo entrenado con 33330 muestras, 15 features.
2026-06-10 21:10:02 [INFO] training.trainer — Modelo entrenado con 38885 muestras, 15 features.
2026-06-10 21:10:03 [INFO] training.trainer — Modelo entrenado con 44440 muestras, 15 features.
2026-06-10 21:10:03 [INFO] training.trainer — Walk-forward promedio — Sharpe: 2.916 | Win rate: 0.503 | Drawdown: 0.026
2026-06-10 21:10:04 [INFO] training.trainer — Modelo entrenado con 49998 muestras, 15 features.
2026-06-10 21:10:04 [INFO] training.trainer — OOS — Sharpe: 4.753 | Win rate: 0.509 | Drawdown: 0.029 | Profit factor: 1.045
2026-06-10 21:10:04 [WARNING] training.trainer — Umbrales mínimos: Sharpe>=1.00 (4.753) | WinRate>=0.52 (0.509) | Drawdown<=0.15 (0.029) | Trades>=500 (41362)
2026-06-10 21:10:04 [WARNING] training.trainer — El modelo NO supera los umbrales mínimos. No se guarda.
2026-06-10 21:10:04 [INFO] __main__ — Entrenamiento completado. Modelo anterior conservado.
2026-06-10 21:10:04 [INFO] data.mt5_connector — MT5 desconectado.
2026-06-10 21:10:04 [INFO] __main__ — ━━━━━━━━━━━━━━━━━━━━━━━━━━━━━━━━━━━━━━━━━━━━━━━
2026-06-10 21:10:04 [INFO] __main__ — BOT DE ENTRENAMIENTO — FIN
2026-06-10 21:10:04 [INFO] __main__ — ━━━━━━━━━━━━━━━━━━━━━━━━━━━━━━━━━━━━━━━━━━━━━━━
2026-06-11 00:58:15 [INFO] __main__ — ━━━━━━━━━━━━━━━━━━━━━━━━━━━━━━━━━━━━━━━━━━━━━━━
2026-06-11 00:58:15 [INFO] __main__ — BOT DE ENTRENAMIENTO — INICIO
2026-06-11 00:58:15 [INFO] __main__ — ━━━━━━━━━━━━━━━━━━━━━━━━━━━━━━━━━━━━━━━━━━━━━━━
2026-06-11 00:58:15 [ERROR] data.mt5_connector — No se pudo inicializar MT5: (-10003, 'IPC initialize failed, MetaTrader 5 x64 not found')
2026-06-11 00:58:15 [CRITICAL] __main__ — No se pudo conectar a MT5. Abortando.
2026-06-11 01:02:53 [INFO] __main__ — ━━━━━━━━━━━━━━━━━━━━━━━━━━━━━━━━━━━━━━━━━━━━━━━
2026-06-11 01:02:53 [INFO] __main__ — BOT DE ENTRENAMIENTO — INICIO
2026-06-11 01:02:53 [INFO] __main__ — ━━━━━━━━━━━━━━━━━━━━━━━━━━━━━━━━━━━━━━━━━━━━━━━
2026-06-11 01:02:53 [INFO] data.mt5_connector — MT5 conectado — build 5836, cuenta: 101396200
2026-06-11 01:02:53 [INFO] data.mt5_connector — Descargando 300000 velas de EURUSD M5 en chunks de 50000...
2026-06-11 01:02:54 [INFO] data.mt5_connector —   chunk 1/6 — 50000 velas acumuladas
2026-06-11 01:02:55 [INFO] data.mt5_connector —   chunk 2/6 — 100000 velas acumuladas
2026-06-11 01:02:55 [INFO] data.mt5_connector —   chunk 3/6 — 101185 velas acumuladas
2026-06-11 01:02:55 [WARNING] data.mt5_connector — Broker devolvió 1185 en lugar de 50000 — datos agotados.
2026-06-11 01:02:55 [INFO] data.mt5_connector — Total descargado: 101185 velas. Rango: 2025-01-31 00:00:00 → 2026-06-11 08:00:00
2026-06-11 01:03:15 [INFO] features.indicators — Indicadores calculados. Filas resultantes: 101166
2026-06-11 01:03:15 [INFO] training.labeler — Etiquetas generadas — HOLD: 39380 | BUY: 30936 | SELL: 30845 | NaN: 5
2026-06-11 01:03:15 [INFO] __main__ — Distribución de etiquetas: {'HOLD': 38.93, 'BUY': 30.58, 'SELL': 30.49}
2026-06-11 01:03:15 [INFO] training.dataset — Dataset construido: 101161 filas, 15 features.
2026-06-11 01:03:15 [INFO] training.dataset — Balance de clases — HOLD: 39380 (38.9%) | BUY: 30936 (30.6%) | SELL: 30845 (30.5%)
2026-06-11 01:03:15 [INFO] __main__ — Operaciones históricas en SQLite: 0
2026-06-11 01:03:15 [INFO] training.trainer — === Iniciando entrenamiento ===
2026-06-11 01:03:15 [INFO] training.dataset — Train/Test split — Train: 50580 filas (2025-01-31 01:35:00 → 2025-10-03 16:30:00) | Test: 50581 filas (2025-10-03 16:35:00 → 2026-06-11 07:35:00)
2026-06-11 01:03:15 [INFO] training.trainer — Walk-forward validation con 8 folds...
2026-06-11 01:03:15 [INFO] training.trainer — Modelo entrenado con 5620 muestras, 15 features.
2026-06-11 01:03:16 [INFO] training.trainer — Modelo entrenado con 11240 muestras, 15 features.
2026-06-11 01:03:16 [INFO] training.trainer — Modelo entrenado con 16860 muestras, 15 features.
2026-06-11 01:03:17 [INFO] training.trainer — Modelo entrenado con 22480 muestras, 15 features.
2026-06-11 01:03:17 [INFO] data.mt5_connector — MT5 desconectado.
2026-06-11 01:46:29 [INFO] __main__ — ━━━━━━━━━━━━━━━━━━━━━━━━━━━━━━━━━━━━━━━━━━━━━━━
2026-06-11 01:46:29 [INFO] __main__ — BOT DE ENTRENAMIENTO — INICIO
2026-06-11 01:46:29 [INFO] __main__ — ━━━━━━━━━━━━━━━━━━━━━━━━━━━━━━━━━━━━━━━━━━━━━━━
2026-06-11 01:46:29 [INFO] data.mt5_connector — MT5 conectado — build 5836, cuenta: 101396200
2026-06-11 01:46:29 [INFO] data.mt5_connector — Descargando 300000 velas de EURUSD M5 en chunks de 50000...
2026-06-11 01:46:29 [INFO] data.mt5_connector —   chunk 1/6 — 50000 velas acumuladas
2026-06-11 01:46:29 [INFO] data.mt5_connector —   chunk 2/6 — 100000 velas acumuladas
2026-06-11 01:46:29 [INFO] data.mt5_connector —   chunk 3/6 — 100003 velas acumuladas
2026-06-11 01:46:29 [WARNING] data.mt5_connector — Broker devolvió 3 en lugar de 50000 — datos agotados.
2026-06-11 01:46:29 [INFO] data.mt5_connector — Total descargado: 100003 velas. Rango: 2025-02-06 03:15:00 → 2026-06-11 08:45:00
2026-06-11 01:46:31 [INFO] features.indicators — Indicadores calculados. Filas resultantes: 99984
2026-06-11 01:46:31 [INFO] training.labeler — Etiquetas generadas — HOLD: 51001 | BUY: 24613 | SELL: 24360 | NaN: 10
2026-06-11 01:46:31 [INFO] __main__ — Distribución de etiquetas: {'HOLD': 51.01, 'BUY': 24.62, 'SELL': 24.37}
2026-06-11 01:46:31 [INFO] training.dataset — Dataset construido: 99974 filas, 15 features.
2026-06-11 01:46:31 [INFO] training.dataset — Balance de clases — HOLD: 51001 (51.0%) | BUY: 24613 (24.6%) | SELL: 24360 (24.4%)
2026-06-11 01:46:31 [INFO] __main__ — Operaciones históricas en SQLite: 0
2026-06-11 01:46:31 [INFO] training.trainer — === Iniciando entrenamiento ===
2026-06-11 01:46:31 [INFO] training.dataset — Train/Test split — Train: 49987 filas (2025-02-06 04:50:00 → 2025-10-07 18:20:00) | Test: 49987 filas (2025-10-07 18:25:00 → 2026-06-11 07:55:00)
2026-06-11 01:46:31 [INFO] training.trainer — Walk-forward validation con 8 folds...
2026-06-11 01:46:31 [INFO] training.trainer — Modelo entrenado con 5554 muestras, 15 features.
2026-06-11 01:46:32 [INFO] training.trainer — Modelo entrenado con 11108 muestras, 15 features.
2026-06-11 01:46:32 [INFO] training.trainer — Modelo entrenado con 16662 muestras, 15 features.
2026-06-11 01:46:33 [INFO] training.trainer — Modelo entrenado con 22216 muestras, 15 features.
2026-06-11 01:46:34 [INFO] training.trainer — Modelo entrenado con 27770 muestras, 15 features.
2026-06-11 01:46:35 [INFO] training.trainer — Modelo entrenado con 33324 muestras, 15 features.
2026-06-11 01:46:36 [INFO] training.trainer — Modelo entrenado con 38878 muestras, 15 features.
2026-06-11 01:46:37 [INFO] training.trainer — Modelo entrenado con 44432 muestras, 15 features.
2026-06-11 01:46:37 [INFO] training.trainer — Walk-forward promedio — Sharpe: -1.256 | Win rate: 0.495 | Drawdown: 0.020
2026-06-11 01:46:39 [INFO] training.trainer — Modelo entrenado con 49987 muestras, 15 features.
2026-06-11 01:46:39 [INFO] training.trainer — OOS — Sharpe: 3.798 | Win rate: 0.506 | Drawdown: 0.031 | Profit factor: 1.033
2026-06-11 01:46:39 [WARNING] training.trainer — Umbrales mínimos: Sharpe>=1.00 (3.798) | WinRate>=0.52 (0.506) | Drawdown<=0.15 (0.031) | Trades>=500 (6100)
2026-06-11 01:46:39 [WARNING] training.trainer — El modelo NO supera los umbrales mínimos. No se guarda.
2026-06-11 01:46:39 [INFO] __main__ — Entrenamiento completado. Modelo anterior conservado.
2026-06-11 01:46:39 [INFO] data.mt5_connector — MT5 desconectado.
2026-06-11 01:46:39 [INFO] __main__ — ━━━━━━━━━━━━━━━━━━━━━━━━━━━━━━━━━━━━━━━━━━━━━━━
2026-06-11 01:46:39 [INFO] __main__ — BOT DE ENTRENAMIENTO — FIN
2026-06-11 01:46:39 [INFO] __main__ — ━━━━━━━━━━━━━━━━━━━━━━━━━━━━━━━━━━━━━━━━━━━━━━━
2026-06-11 01:48:04 [INFO] __main__ — ━━━━━━━━━━━━━━━━━━━━━━━━━━━━━━━━━━━━━━━━━━━━━━━
2026-06-11 01:48:04 [INFO] __main__ — BOT DE ENTRENAMIENTO — INICIO
2026-06-11 01:48:04 [INFO] __main__ — ━━━━━━━━━━━━━━━━━━━━━━━━━━━━━━━━━━━━━━━━━━━━━━━
2026-06-11 01:48:04 [INFO] data.mt5_connector — MT5 conectado — build 5836, cuenta: 101396200
2026-06-11 01:48:04 [INFO] data.mt5_connector — Descargando 300000 velas de EURUSD M5 en chunks de 50000...
2026-06-11 01:48:04 [INFO] data.mt5_connector —   chunk 1/6 — 50000 velas acumuladas
2026-06-11 01:48:04 [INFO] data.mt5_connector —   chunk 2/6 — 100000 velas acumuladas
2026-06-11 01:48:04 [INFO] data.mt5_connector —   chunk 3/6 — 100003 velas acumuladas
2026-06-11 01:48:04 [WARNING] data.mt5_connector — Broker devolvió 3 en lugar de 50000 — datos agotados.
2026-06-11 01:48:04 [INFO] data.mt5_connector — Total descargado: 100003 velas. Rango: 2025-02-06 03:15:00 → 2026-06-11 08:45:00
2026-06-11 01:48:06 [INFO] features.indicators — Indicadores calculados. Filas resultantes: 99984
2026-06-11 01:48:06 [INFO] training.labeler — Etiquetas generadas — HOLD: 51001 | BUY: 24613 | SELL: 24360 | NaN: 10
2026-06-11 01:48:06 [INFO] __main__ — Distribución de etiquetas: {'HOLD': 51.01, 'BUY': 24.62, 'SELL': 24.37}
2026-06-11 01:48:06 [INFO] training.dataset — Dataset construido: 99974 filas, 15 features.
2026-06-11 01:48:06 [INFO] training.dataset — Balance de clases — HOLD: 51001 (51.0%) | BUY: 24613 (24.6%) | SELL: 24360 (24.4%)
2026-06-11 01:48:06 [INFO] __main__ — Operaciones históricas en SQLite: 0
2026-06-11 01:48:06 [INFO] training.trainer — === Iniciando entrenamiento ===
2026-06-11 01:48:06 [INFO] training.dataset — Train/Test split — Train: 49987 filas (2025-02-06 04:50:00 → 2025-10-07 18:20:00) | Test: 49987 filas (2025-10-07 18:25:00 → 2026-06-11 07:55:00)
2026-06-11 01:48:06 [INFO] training.trainer — Walk-forward validation con 8 folds...
2026-06-11 01:48:06 [INFO] training.trainer — Modelo entrenado con 5554 muestras, 15 features.
2026-06-11 01:48:07 [INFO] training.trainer — Modelo entrenado con 11108 muestras, 15 features.
2026-06-11 01:48:07 [INFO] training.trainer — Modelo entrenado con 16662 muestras, 15 features.
2026-06-11 01:48:08 [INFO] training.trainer — Modelo entrenado con 22216 muestras, 15 features.
2026-06-11 01:48:09 [INFO] training.trainer — Modelo entrenado con 27770 muestras, 15 features.
2026-06-11 01:48:10 [INFO] training.trainer — Modelo entrenado con 33324 muestras, 15 features.
2026-06-11 01:48:11 [INFO] training.trainer — Modelo entrenado con 38878 muestras, 15 features.
2026-06-11 01:48:13 [INFO] training.trainer — Modelo entrenado con 44432 muestras, 15 features.
2026-06-11 01:48:13 [INFO] training.trainer — Walk-forward promedio — Sharpe: -1.256 | Win rate: 0.495 | Drawdown: 0.020
2026-06-11 01:48:14 [INFO] training.trainer — Modelo entrenado con 49987 muestras, 15 features.
2026-06-11 01:48:14 [INFO] training.trainer — OOS — Sharpe: 3.798 | Win rate: 0.506 | Drawdown: 0.031 | Profit factor: 1.033
2026-06-11 01:48:14 [WARNING] training.trainer — Umbrales mínimos: Sharpe>=1.00 (3.798) | WinRate>=0.52 (0.506) | Drawdown<=0.15 (0.031) | Trades>=500 (6100)
2026-06-11 01:48:14 [WARNING] training.trainer — El modelo NO supera los umbrales mínimos. No se guarda.
2026-06-11 01:48:14 [INFO] __main__ — Entrenamiento completado. Modelo anterior conservado.
2026-06-11 01:48:14 [INFO] data.mt5_connector — MT5 desconectado.
2026-06-11 01:48:14 [INFO] __main__ — ━━━━━━━━━━━━━━━━━━━━━━━━━━━━━━━━━━━━━━━━━━━━━━━
2026-06-11 01:48:14 [INFO] __main__ — BOT DE ENTRENAMIENTO — FIN
2026-06-11 01:48:14 [INFO] __main__ — ━━━━━━━━━━━━━━━━━━━━━━━━━━━━━━━━━━━━━━━━━━━━━━━
2026-06-11 02:32:06 [INFO] __main__ — ━━━━━━━━━━━━━━━━━━━━━━━━━━━━━━━━━━━━━━━━━━━━━━━
2026-06-11 02:32:06 [INFO] __main__ — BOT DE ENTRENAMIENTO — INICIO
2026-06-11 02:32:06 [INFO] __main__ — ━━━━━━━━━━━━━━━━━━━━━━━━━━━━━━━━━━━━━━━━━━━━━━━
2026-06-11 02:32:06 [INFO] data.mt5_connector — MT5 conectado — build 5836, cuenta: 101396200
2026-06-11 02:32:06 [INFO] data.mt5_connector — Descargando 300000 velas de EURUSD M5 en chunks de 50000...
2026-06-11 02:32:06 [INFO] data.mt5_connector —   chunk 1/6 — 50000 velas acumuladas
2026-06-11 02:32:06 [INFO] data.mt5_connector —   chunk 2/6 — 100000 velas acumuladas
2026-06-11 02:32:06 [INFO] data.mt5_connector —   chunk 3/6 — 100003 velas acumuladas
2026-06-11 02:32:06 [WARNING] data.mt5_connector — Broker devolvió 3 en lugar de 50000 — datos agotados.
2026-06-11 02:32:06 [INFO] data.mt5_connector — Total descargado: 100003 velas. Rango: 2025-02-06 04:00:00 → 2026-06-11 09:30:00
2026-06-11 02:32:08 [INFO] features.indicators — Indicadores calculados. Filas resultantes: 99984
2026-06-11 02:32:08 [INFO] training.labeler — Etiquetas generadas — HOLD: 50999 | BUY: 24613 | SELL: 24362 | NaN: 10
2026-06-11 02:32:08 [INFO] __main__ — Distribución de etiquetas: {'HOLD': 51.01, 'BUY': 24.62, 'SELL': 24.37}
2026-06-11 02:32:08 [INFO] training.dataset — Dataset construido: 99974 filas, 15 features.
2026-06-11 02:32:08 [INFO] training.dataset — Balance de clases — HOLD: 50999 (51.0%) | BUY: 24613 (24.6%) | SELL: 24362 (24.4%)
2026-06-11 02:32:08 [INFO] __main__ — Operaciones históricas en SQLite: 0
2026-06-11 02:32:08 [INFO] training.trainer — === Iniciando entrenamiento ===
2026-06-11 02:32:08 [INFO] training.dataset — Train/Test split — Train: 49987 filas (2025-02-06 05:35:00 → 2025-10-07 19:05:00) | Test: 49987 filas (2025-10-07 19:10:00 → 2026-06-11 08:40:00)
2026-06-11 02:32:08 [INFO] training.trainer — Walk-forward validation con 8 folds...
2026-06-11 02:32:08 [INFO] training.trainer — Modelo entrenado con 5554 muestras, 15 features.
2026-06-11 02:32:09 [INFO] training.trainer — Modelo entrenado con 11108 muestras, 15 features.
2026-06-11 02:32:09 [INFO] training.trainer — Modelo entrenado con 16662 muestras, 15 features.
2026-06-11 02:32:10 [INFO] training.trainer — Modelo entrenado con 22216 muestras, 15 features.
2026-06-11 02:32:10 [INFO] training.trainer — Modelo entrenado con 27770 muestras, 15 features.
2026-06-11 02:32:11 [INFO] training.trainer — Modelo entrenado con 33324 muestras, 15 features.
2026-06-11 02:32:12 [INFO] training.trainer — Modelo entrenado con 38878 muestras, 15 features.
2026-06-11 02:32:13 [INFO] training.trainer — Modelo entrenado con 44432 muestras, 15 features.
2026-06-11 02:32:13 [INFO] training.trainer — Walk-forward promedio — Sharpe: 0.921 | Win rate: 0.501 | Drawdown: 0.022
2026-06-11 02:32:14 [INFO] training.trainer — Modelo entrenado con 49987 muestras, 15 features.
2026-06-11 02:32:14 [INFO] training.trainer — OOS — Sharpe: 2.926 | Win rate: 0.510 | Drawdown: 0.041 | Profit factor: 1.026
2026-06-11 02:32:14 [WARNING] training.trainer — Umbrales mínimos: Sharpe>=1.00 (2.926) | WinRate>=0.52 (0.510) | Drawdown<=0.15 (0.041) | Trades>=500 (5969)
2026-06-11 02:32:14 [WARNING] training.trainer — El modelo NO supera los umbrales mínimos. No se guarda.
2026-06-11 02:32:14 [INFO] __main__ — Entrenamiento completado. Modelo anterior conservado.
2026-06-11 02:32:14 [INFO] data.mt5_connector — MT5 desconectado.
2026-06-11 02:32:14 [INFO] __main__ — ━━━━━━━━━━━━━━━━━━━━━━━━━━━━━━━━━━━━━━━━━━━━━━━
2026-06-11 02:32:14 [INFO] __main__ — BOT DE ENTRENAMIENTO — FIN
2026-06-11 02:32:14 [INFO] __main__ — ━━━━━━━━━━━━━━━━━━━━━━━━━━━━━━━━━━━━━━━━━━━━━━━
2026-06-11 02:32:21 [INFO] __main__ — ━━━━━━━━━━━━━━━━━━━━━━━━━━━━━━━━━━━━━━━━━━━━━━━
2026-06-11 02:32:21 [INFO] __main__ — BOT DE ENTRENAMIENTO — INICIO
2026-06-11 02:32:21 [INFO] __main__ — ━━━━━━━━━━━━━━━━━━━━━━━━━━━━━━━━━━━━━━━━━━━━━━━
2026-06-11 02:32:21 [INFO] data.mt5_connector — MT5 conectado — build 5836, cuenta: 101396200
2026-06-11 02:32:21 [INFO] data.mt5_connector — Descargando 300000 velas de EURUSD M5 en chunks de 50000...
2026-06-11 02:32:21 [INFO] data.mt5_connector —   chunk 1/6 — 50000 velas acumuladas
2026-06-11 02:32:21 [INFO] data.mt5_connector —   chunk 2/6 — 100000 velas acumuladas
2026-06-11 02:32:21 [INFO] data.mt5_connector —   chunk 3/6 — 100003 velas acumuladas
2026-06-11 02:32:21 [WARNING] data.mt5_connector — Broker devolvió 3 en lugar de 50000 — datos agotados.
2026-06-11 02:32:21 [INFO] data.mt5_connector — Total descargado: 100003 velas. Rango: 2025-02-06 04:00:00 → 2026-06-11 09:30:00
2026-06-11 02:32:22 [INFO] features.indicators — Indicadores calculados. Filas resultantes: 99984
2026-06-11 02:32:22 [INFO] training.labeler — Etiquetas generadas — HOLD: 50999 | BUY: 24613 | SELL: 24362 | NaN: 10
2026-06-11 02:32:22 [INFO] __main__ — Distribución de etiquetas: {'HOLD': 51.01, 'BUY': 24.62, 'SELL': 24.37}
2026-06-11 02:32:22 [INFO] training.dataset — Dataset construido: 99974 filas, 15 features.
2026-06-11 02:32:22 [INFO] training.dataset — Balance de clases — HOLD: 50999 (51.0%) | BUY: 24613 (24.6%) | SELL: 24362 (24.4%)
2026-06-11 02:32:22 [INFO] __main__ — Operaciones históricas en SQLite: 0
2026-06-11 02:32:22 [INFO] training.trainer — === Iniciando entrenamiento ===
2026-06-11 02:32:22 [INFO] training.dataset — Train/Test split — Train: 49987 filas (2025-02-06 05:35:00 → 2025-10-07 19:05:00) | Test: 49987 filas (2025-10-07 19:10:00 → 2026-06-11 08:40:00)
2026-06-11 02:32:22 [INFO] training.trainer — Walk-forward validation con 8 folds...
2026-06-11 02:32:23 [INFO] training.trainer — Modelo entrenado con 5554 muestras, 15 features.
2026-06-11 02:32:23 [INFO] training.trainer — Modelo entrenado con 11108 muestras, 15 features.
2026-06-11 02:32:24 [INFO] training.trainer — Modelo entrenado con 16662 muestras, 15 features.
2026-06-11 02:32:24 [INFO] training.trainer — Modelo entrenado con 22216 muestras, 15 features.
2026-06-11 02:32:25 [INFO] training.trainer — Modelo entrenado con 27770 muestras, 15 features.
2026-06-11 02:32:26 [INFO] training.trainer — Modelo entrenado con 33324 muestras, 15 features.
2026-06-11 02:32:27 [INFO] training.trainer — Modelo entrenado con 38878 muestras, 15 features.
2026-06-11 02:32:28 [INFO] training.trainer — Modelo entrenado con 44432 muestras, 15 features.
2026-06-11 02:32:28 [INFO] training.trainer — Walk-forward promedio — Sharpe: 0.921 | Win rate: 0.501 | Drawdown: 0.022
2026-06-11 02:32:29 [INFO] training.trainer — Modelo entrenado con 49987 muestras, 15 features.
2026-06-11 02:32:29 [INFO] training.trainer — OOS — Sharpe: 2.926 | Win rate: 0.510 | Drawdown: 0.041 | Profit factor: 1.026
2026-06-11 02:32:29 [WARNING] training.trainer — Umbrales mínimos: Sharpe>=1.00 (2.926) | WinRate>=0.52 (0.510) | Drawdown<=0.15 (0.041) | Trades>=500 (5969)
2026-06-11 02:32:29 [WARNING] training.trainer — El modelo NO supera los umbrales mínimos. No se guarda.
2026-06-11 02:32:29 [INFO] __main__ — Entrenamiento completado. Modelo anterior conservado.
2026-06-11 02:32:29 [INFO] data.mt5_connector — MT5 desconectado.
2026-06-11 02:32:29 [INFO] __main__ — ━━━━━━━━━━━━━━━━━━━━━━━━━━━━━━━━━━━━━━━━━━━━━━━
2026-06-11 02:32:29 [INFO] __main__ — BOT DE ENTRENAMIENTO — FIN
2026-06-11 02:32:29 [INFO] __main__ — ━━━━━━━━━━━━━━━━━━━━━━━━━━━━━━━━━━━━━━━━━━━━━━━
2026-06-11 02:32:46 [INFO] __main__ — ━━━━━━━━━━━━━━━━━━━━━━━━━━━━━━━━━━━━━━━━━━━━━━━
2026-06-11 02:32:46 [INFO] __main__ — BOT DE ENTRENAMIENTO — INICIO (modo optimización)
2026-06-11 02:32:46 [INFO] __main__ — ━━━━━━━━━━━━━━━━━━━━━━━━━━━━━━━━━━━━━━━━━━━━━━━
2026-06-11 02:32:46 [INFO] data.mt5_connector — MT5 conectado — build 5836, cuenta: 101396200
2026-06-11 02:32:46 [INFO] data.mt5_connector — Descargando 300000 velas de EURUSD M5 en chunks de 50000...
2026-06-11 02:32:46 [INFO] data.mt5_connector —   chunk 1/6 — 50000 velas acumuladas
2026-06-11 02:32:46 [INFO] data.mt5_connector —   chunk 2/6 — 100000 velas acumuladas
2026-06-11 02:32:46 [INFO] data.mt5_connector —   chunk 3/6 — 100003 velas acumuladas
2026-06-11 02:32:46 [WARNING] data.mt5_connector — Broker devolvió 3 en lugar de 50000 — datos agotados.
2026-06-11 02:32:46 [INFO] data.mt5_connector — Total descargado: 100003 velas. Rango: 2025-02-06 04:00:00 → 2026-06-11 09:30:00
2026-06-11 02:32:47 [INFO] __main__ — Iniciando búsqueda de parámetros con Optuna (10 trials)...
2026-06-11 02:32:52 [INFO] training.optimizer — === Optimización iniciada — 10 trials nuevos (ya probados: 0, total: 10) ===
2026-06-11 02:32:54 [INFO] training.optimizer — Trial 1/10 — Sharpe: 4.9157 | Mejor: 4.9157
2026-06-11 02:32:58 [INFO] training.optimizer — Trial 2/10 — Sharpe: 2.8419 | Mejor: 4.9157
2026-06-11 02:33:01 [INFO] training.optimizer — Trial 3/10 — Sharpe: -2.7858 | Mejor: 4.9157
2026-06-11 02:33:04 [INFO] training.optimizer — Trial 4/10 — Sharpe: 2.8998 | Mejor: 4.9157
2026-06-11 02:33:10 [INFO] training.optimizer — Trial 5/10 — Sharpe: 4.6551 | Mejor: 4.9157
2026-06-11 02:33:13 [INFO] training.optimizer — Trial 6/10 — Sharpe: 1.7829 | Mejor: 4.9157
2026-06-11 02:33:16 [INFO] training.optimizer — Trial 7/10 — Sharpe: 6.0268 | Mejor: 6.0268
2026-06-11 02:33:19 [INFO] training.optimizer — Trial 8/10 — Sharpe: 1.3144 | Mejor: 6.0268
2026-06-11 02:33:23 [INFO] training.optimizer — Trial 9/10 — Sharpe: 2.2059 | Mejor: 6.0268
2026-06-11 02:33:31 [INFO] training.optimizer — Trial 10/10 — Sharpe: 4.2829 | Mejor: 6.0268
2026-06-11 02:33:31 [INFO] training.optimizer — Optimización completada — Mejor Sharpe: 6.0268 (sobre 10 trials totales)
2026-06-11 02:33:31 [INFO] training.optimizer — Mejores parámetros: {'EMA_FAST': 3, 'EMA_SLOW': 34, 'LABEL_HORIZON': 4, 'LABEL_THRESHOLD': 0.00024038157696901717, 'RSI_PERIOD': 12, 'BB_PERIOD': 6, 'n_estimators': 207, 'max_depth': 2, 'learning_rate': 0.11384091295600675, 'subsample': 0.8493192507310232, 'colsample_bytree': 0.7323592099410596, 'reg_lambda': 0.6048689963516921}
2026-06-11 02:33:31 [INFO] training.optimizer — Mejores parámetros guardados en C:\Users\chris\OneDrive\Desktop\BOTS\BOTS\botentrenamiento\models\best_params.json
2026-06-11 02:33:31 [INFO] training.optimizer — config.py actualizado con los mejores parámetros de Optuna.
2026-06-11 02:33:31 [INFO] __main__ — Parámetros optimizados aplicados. Módulos recargados.
2026-06-11 02:33:31 [INFO] features.indicators — Indicadores calculados. Filas resultantes: 99984
2026-06-11 02:33:31 [INFO] training.labeler — Etiquetas generadas — HOLD: 49239 | BUY: 25306 | SELL: 25435 | NaN: 4
2026-06-11 02:33:31 [INFO] __main__ — Distribución de etiquetas: {'HOLD': 49.25, 'SELL': 25.44, 'BUY': 25.31}
2026-06-11 02:33:31 [INFO] training.dataset — Dataset construido: 99980 filas, 15 features.
2026-06-11 02:33:31 [INFO] training.dataset — Balance de clases — HOLD: 49239 (49.2%) | BUY: 25306 (25.3%) | SELL: 25435 (25.4%)
2026-06-11 02:33:31 [INFO] __main__ — Operaciones históricas en SQLite: 0
2026-06-11 02:33:31 [INFO] training.trainer — === Iniciando entrenamiento ===
2026-06-11 02:33:31 [INFO] training.dataset — Train/Test split — Train: 49990 filas (2025-02-06 05:35:00 → 2025-10-07 19:20:00) | Test: 49990 filas (2025-10-07 19:25:00 → 2026-06-11 09:10:00)
2026-06-11 02:33:31 [INFO] training.trainer — Walk-forward validation con 8 folds...
2026-06-11 02:33:31 [INFO] training.trainer — Modelo entrenado con 5554 muestras, 15 features.
2026-06-11 02:33:31 [INFO] training.trainer — Modelo entrenado con 11108 muestras, 15 features.
2026-06-11 02:33:32 [INFO] training.trainer — Modelo entrenado con 16662 muestras, 15 features.
2026-06-11 02:33:32 [INFO] training.trainer — Modelo entrenado con 22216 muestras, 15 features.
2026-06-11 02:33:33 [INFO] training.trainer — Modelo entrenado con 27770 muestras, 15 features.
2026-06-11 02:33:34 [INFO] training.trainer — Modelo entrenado con 33324 muestras, 15 features.
2026-06-11 02:33:35 [INFO] training.trainer — Modelo entrenado con 38878 muestras, 15 features.
2026-06-11 02:33:36 [INFO] training.trainer — Modelo entrenado con 44432 muestras, 15 features.
2026-06-11 02:33:36 [INFO] training.trainer — Walk-forward promedio — Sharpe: 1.390 | Win rate: 0.500 | Drawdown: 0.023
2026-06-11 02:33:37 [INFO] training.trainer — Modelo entrenado con 49990 muestras, 15 features.
2026-06-11 02:33:37 [INFO] training.trainer — OOS — Sharpe: 2.641 | Win rate: 0.505 | Drawdown: 0.034 | Profit factor: 1.023
2026-06-11 02:33:37 [WARNING] training.trainer — Umbrales mínimos: Sharpe>=1.00 (2.641) | WinRate>=0.52 (0.505) | Drawdown<=0.15 (0.034) | Trades>=500 (7537)
2026-06-11 02:33:37 [WARNING] training.trainer — El modelo NO supera los umbrales mínimos. No se guarda.
2026-06-11 02:33:37 [INFO] __main__ — Entrenamiento completado. Modelo anterior conservado.
2026-06-11 02:33:37 [INFO] data.mt5_connector — MT5 desconectado.
2026-06-11 02:33:37 [INFO] __main__ — ━━━━━━━━━━━━━━━━━━━━━━━━━━━━━━━━━━━━━━━━━━━━━━━
2026-06-11 02:33:37 [INFO] __main__ — BOT DE ENTRENAMIENTO — FIN
2026-06-11 02:33:37 [INFO] __main__ — ━━━━━━━━━━━━━━━━━━━━━━━━━━━━━━━━━━━━━━━━━━━━━━━
2026-06-11 02:39:06 [INFO] __main__ — ━━━━━━━━━━━━━━━━━━━━━━━━━━━━━━━━━━━━━━━━━━━━━━━
2026-06-11 02:39:06 [INFO] __main__ — BOT DE ENTRENAMIENTO — INICIO
2026-06-11 02:39:06 [INFO] __main__ — ━━━━━━━━━━━━━━━━━━━━━━━━━━━━━━━━━━━━━━━━━━━━━━━
2026-06-11 02:39:06 [INFO] data.mt5_connector — MT5 conectado — build 5836, cuenta: 101396200
2026-06-11 02:39:06 [INFO] data.mt5_connector — Descargando 300000 velas de EURUSD M5 en chunks de 50000...
2026-06-11 02:39:06 [INFO] data.mt5_connector —   chunk 1/6 — 50000 velas acumuladas
2026-06-11 02:39:06 [INFO] data.mt5_connector —   chunk 2/6 — 100000 velas acumuladas
2026-06-11 02:39:06 [INFO] data.mt5_connector —   chunk 3/6 — 100004 velas acumuladas
2026-06-11 02:39:06 [WARNING] data.mt5_connector — Broker devolvió 4 en lugar de 50000 — datos agotados.
2026-06-11 02:39:06 [INFO] data.mt5_connector — Total descargado: 100004 velas. Rango: 2025-02-06 04:00:00 → 2026-06-11 09:35:00
2026-06-11 02:39:07 [INFO] features.indicators — Indicadores calculados. Filas resultantes: 99985
2026-06-11 02:39:07 [INFO] training.labeler — Etiquetas generadas — HOLD: 49241 | BUY: 25306 | SELL: 25434 | NaN: 4
2026-06-11 02:39:07 [INFO] __main__ — Distribución de etiquetas: {'HOLD': 49.25, 'SELL': 25.44, 'BUY': 25.31}
2026-06-11 02:39:07 [INFO] training.dataset — Dataset construido: 99981 filas, 15 features.
2026-06-11 02:39:07 [INFO] training.dataset — Balance de clases — HOLD: 49241 (49.3%) | BUY: 25306 (25.3%) | SELL: 25434 (25.4%)
2026-06-11 02:39:07 [INFO] __main__ — Operaciones históricas en SQLite: 0
2026-06-11 02:39:07 [INFO] training.trainer — === Iniciando entrenamiento ===
2026-06-11 02:39:07 [INFO] training.dataset — Train/Test split — Train: 49990 filas (2025-02-06 05:35:00 → 2025-10-07 19:20:00) | Test: 49991 filas (2025-10-07 19:25:00 → 2026-06-11 09:15:00)
2026-06-11 02:39:07 [INFO] training.trainer — Walk-forward validation con 8 folds...
2026-06-11 02:39:07 [INFO] training.trainer — Modelo entrenado con 5554 muestras, 15 features.
2026-06-11 02:39:08 [INFO] training.trainer — Modelo entrenado con 11108 muestras, 15 features.
2026-06-11 02:39:08 [INFO] training.trainer — Modelo entrenado con 16662 muestras, 15 features.
2026-06-11 02:39:09 [INFO] training.trainer — Modelo entrenado con 22216 muestras, 15 features.
2026-06-11 02:39:10 [INFO] training.trainer — Modelo entrenado con 27770 muestras, 15 features.
2026-06-11 02:39:10 [INFO] training.trainer — Modelo entrenado con 33324 muestras, 15 features.
2026-06-11 02:39:11 [INFO] training.trainer — Modelo entrenado con 38878 muestras, 15 features.
2026-06-11 02:39:12 [INFO] training.trainer — Modelo entrenado con 44432 muestras, 15 features.
2026-06-11 02:39:12 [INFO] training.trainer — Walk-forward promedio — Sharpe: 1.390 | Win rate: 0.500 | Drawdown: 0.023
2026-06-11 02:39:13 [INFO] training.trainer — Modelo entrenado con 49990 muestras, 15 features.
2026-06-11 02:39:13 [INFO] training.trainer — OOS — Sharpe: 2.641 | Win rate: 0.505 | Drawdown: 0.034 | Profit factor: 1.023
2026-06-11 02:39:13 [WARNING] training.trainer — Umbrales mínimos: Sharpe>=1.00 (2.641) | WinRate>=0.52 (0.505) | Drawdown<=0.15 (0.034) | Trades>=500 (7537)
2026-06-11 02:39:13 [WARNING] training.trainer — El modelo NO supera los umbrales mínimos. No se guarda.
2026-06-11 02:39:13 [INFO] __main__ — Entrenamiento completado. Modelo anterior conservado.
2026-06-11 02:39:13 [INFO] data.mt5_connector — MT5 desconectado.
2026-06-11 02:39:13 [INFO] __main__ — ━━━━━━━━━━━━━━━━━━━━━━━━━━━━━━━━━━━━━━━━━━━━━━━
2026-06-11 02:39:13 [INFO] __main__ — BOT DE ENTRENAMIENTO — FIN
2026-06-11 02:39:13 [INFO] __main__ — ━━━━━━━━━━━━━━━━━━━━━━━━━━━━━━━━━━━━━━━━━━━━━━━
2026-06-11 11:18:51 [INFO] __main__ — ━━━━━━━━━━━━━━━━━━━━━━━━━━━━━━━━━━━━━━━━━━━━━━━
2026-06-11 11:18:51 [INFO] __main__ — BOT DE ENTRENAMIENTO — INICIO
2026-06-11 11:18:51 [INFO] __main__ — ━━━━━━━━━━━━━━━━━━━━━━━━━━━━━━━━━━━━━━━━━━━━━━━
2026-06-11 11:18:51 [INFO] data.mt5_connector — MT5 conectado — build 5836, cuenta: 101396200
2026-06-11 11:18:51 [INFO] data.mt5_connector — Descargando 300000 velas de EURUSD M5 en chunks de 50000...
2026-06-11 11:18:51 [INFO] data.mt5_connector —   chunk 1/6 — 50000 velas acumuladas
2026-06-11 11:18:52 [INFO] data.mt5_connector —   chunk 2/6 — 100000 velas acumuladas
2026-06-11 11:18:55 [INFO] data.mt5_connector —   chunk 3/6 — 150000 velas acumuladas
2026-06-11 11:18:57 [INFO] data.mt5_connector —   chunk 4/6 — 200000 velas acumuladas
2026-06-11 11:19:01 [INFO] data.mt5_connector —   chunk 5/6 — 250000 velas acumuladas
2026-06-11 11:19:05 [INFO] data.mt5_connector —   chunk 6/6 — 300000 velas acumuladas
2026-06-11 11:19:05 [INFO] data.mt5_connector — Total descargado: 300000 velas. Rango: 2022-06-01 17:30:00 → 2026-06-11 18:15:00
2026-06-11 11:19:08 [INFO] features.indicators — Indicadores calculados. Filas resultantes: 299976
2026-06-11 11:19:08 [INFO] training.labeler — Etiquetas generadas — HOLD: 148597 | BUY: 75820 | SELL: 75555 | NaN: 4
2026-06-11 11:19:08 [INFO] __main__ — Distribución de etiquetas: {'HOLD': 49.54, 'BUY': 25.28, 'SELL': 25.19}
2026-06-11 11:19:08 [INFO] training.dataset — Dataset construido: 299972 filas, 15 features.
2026-06-11 11:19:08 [INFO] training.dataset — Balance de clases — HOLD: 148597 (49.5%) | BUY: 75820 (25.3%) | SELL: 75555 (25.2%)
2026-06-11 11:19:08 [INFO] __main__ — Operaciones históricas en SQLite: 0
2026-06-11 11:19:08 [INFO] training.trainer — === Iniciando entrenamiento ===
2026-06-11 11:19:08 [INFO] training.dataset — Train/Test split — Train: 149986 filas (2022-06-01 19:05:00 → 2024-06-04 23:15:00) | Test: 149986 filas (2024-06-04 23:20:00 → 2026-06-11 17:55:00)
2026-06-11 11:19:08 [INFO] training.trainer — Walk-forward validation con 8 folds...
2026-06-11 11:19:08 [INFO] training.trainer — Modelo entrenado con 16665 muestras, 15 features.
2026-06-11 11:19:09 [INFO] training.trainer — Modelo entrenado con 33330 muestras, 15 features.
2026-06-11 11:19:10 [INFO] training.trainer — Modelo entrenado con 49995 muestras, 15 features.
2026-06-11 11:19:12 [INFO] training.trainer — Modelo entrenado con 66660 muestras, 15 features.
2026-06-11 11:19:13 [INFO] training.trainer — Modelo entrenado con 83325 muestras, 15 features.
2026-06-11 11:19:15 [INFO] training.trainer — Modelo entrenado con 99990 muestras, 15 features.
2026-06-11 11:19:17 [INFO] training.trainer — Modelo entrenado con 116655 muestras, 15 features.
2026-06-11 11:19:20 [INFO] training.trainer — Modelo entrenado con 133320 muestras, 15 features.
2026-06-11 11:19:20 [INFO] training.trainer — Walk-forward promedio — Sharpe: 3.773 | Win rate: 0.504 | Drawdown: 0.026
2026-06-11 11:19:23 [INFO] training.trainer — Modelo entrenado con 149986 muestras, 15 features.
2026-06-11 11:19:23 [INFO] training.trainer — OOS — Sharpe: 1.777 | Win rate: 0.506 | Drawdown: 0.048 | Profit factor: 1.016 | Muestras: 149986
2026-06-11 11:19:23 [WARNING] training.trainer — Umbrales mínimos: Sharpe>=1.00 (1.777) | WinRate>=0.52 (0.506) | Drawdown<=0.15 (0.048) | Trades>=500 (37561) | Muestras>=10000 (149986)
2026-06-11 11:19:23 [WARNING] training.trainer — El modelo NO supera los umbrales mínimos. No se guarda.
2026-06-11 11:19:23 [INFO] __main__ — Entrenamiento completado. Modelo anterior conservado.
2026-06-11 11:19:23 [INFO] data.mt5_connector — MT5 desconectado.
2026-06-11 11:19:23 [INFO] __main__ — ━━━━━━━━━━━━━━━━━━━━━━━━━━━━━━━━━━━━━━━━━━━━━━━
2026-06-11 11:19:23 [INFO] __main__ — BOT DE ENTRENAMIENTO — FIN
2026-06-11 11:19:23 [INFO] __main__ — ━━━━━━━━━━━━━━━━━━━━━━━━━━━━━━━━━━━━━━━━━━━━━━━
2026-06-11 12:43:27 [INFO] __main__ — ━━━━━━━━━━━━━━━━━━━━━━━━━━━━━━━━━━━━━━━━━━━━━━━
2026-06-11 12:43:27 [INFO] __main__ — BOT DE ENTRENAMIENTO — INICIO
2026-06-11 12:43:27 [INFO] __main__ — ━━━━━━━━━━━━━━━━━━━━━━━━━━━━━━━━━━━━━━━━━━━━━━━
2026-06-11 12:43:31 [INFO] data.mt5_connector — MT5 conectado — build 5836, cuenta: 101396200
2026-06-11 12:43:31 [INFO] data.mt5_connector — Descargando 300000 velas de EURUSD M5 en chunks de 50000...
2026-06-11 12:43:31 [INFO] data.mt5_connector —   chunk 1/6 — 50000 velas acumuladas
2026-06-11 12:43:32 [INFO] data.mt5_connector —   chunk 2/6 — 100000 velas acumuladas
2026-06-11 12:43:33 [INFO] data.mt5_connector —   chunk 3/6 — 150000 velas acumuladas
2026-06-11 12:43:34 [INFO] data.mt5_connector —   chunk 4/6 — 200000 velas acumuladas
2026-06-11 12:43:35 [INFO] data.mt5_connector —   chunk 5/6 — 250000 velas acumuladas
2026-06-11 12:43:36 [INFO] data.mt5_connector —   chunk 6/6 — 300000 velas acumuladas
2026-06-11 12:43:36 [INFO] data.mt5_connector — Total descargado: 299817 velas. Rango: 2022-06-01 18:55:00 → 2026-06-11 04:25:00
2026-06-11 12:43:38 [INFO] features.indicators — Indicadores calculados. Filas resultantes: 299793
2026-06-11 12:43:38 [INFO] training.labeler — Etiquetas generadas — HOLD: 148501 | BUY: 75789 | SELL: 75499 | NaN: 4
2026-06-11 12:43:38 [INFO] __main__ — Distribución de etiquetas: {'HOLD': 49.54, 'BUY': 25.28, 'SELL': 25.18}
2026-06-11 12:43:38 [INFO] training.dataset — Dataset construido: 299789 filas, 15 features.
2026-06-11 12:43:38 [INFO] training.dataset — Balance de clases — HOLD: 148501 (49.5%) | BUY: 75789 (25.3%) | SELL: 75499 (25.2%)
2026-06-11 12:43:38 [INFO] __main__ — Operaciones históricas en SQLite: 0
2026-06-11 12:43:38 [INFO] training.trainer — === Iniciando entrenamiento ===
2026-06-11 12:43:38 [INFO] training.dataset — Train/Test split — Train: 149894 filas (2022-06-01 20:30:00 → 2024-06-04 17:00:00) | Test: 149895 filas (2024-06-04 17:05:00 → 2026-06-11 04:05:00)
2026-06-11 12:43:38 [INFO] training.trainer — Walk-forward validation con 8 folds...
2026-06-11 12:43:39 [INFO] training.trainer — Modelo entrenado con 16654 muestras, 15 features.
2026-06-11 12:43:39 [INFO] training.trainer — Modelo entrenado con 33308 muestras, 15 features.
2026-06-11 12:43:40 [INFO] training.trainer — Modelo entrenado con 49962 muestras, 15 features.
2026-06-11 12:43:41 [INFO] training.trainer — Modelo entrenado con 66616 muestras, 15 features.
2026-06-11 12:43:42 [INFO] training.trainer — Modelo entrenado con 83270 muestras, 15 features.
2026-06-11 12:43:43 [INFO] training.trainer — Modelo entrenado con 99924 muestras, 15 features.
2026-06-11 12:43:44 [INFO] training.trainer — Modelo entrenado con 116578 muestras, 15 features.
2026-06-11 12:43:45 [INFO] training.trainer — Modelo entrenado con 133232 muestras, 15 features.
2026-06-11 12:43:46 [INFO] training.trainer — Walk-forward promedio — Sharpe: 3.700 | Win rate: 0.505 | Drawdown: 0.027
2026-06-11 12:43:47 [INFO] training.trainer — Modelo entrenado con 149894 muestras, 15 features.
2026-06-11 12:43:47 [INFO] training.trainer — OOS — Sharpe: 3.049 | Win rate: 0.507 | Drawdown: 0.048 | Profit factor: 1.028 | Muestras: 149894
2026-06-11 12:43:47 [WARNING] training.trainer — Umbrales mínimos: Sharpe>=1.00 (3.049) | WinRate>=0.52 (0.507) | Drawdown<=0.15 (0.048) | Trades>=500 (37644) | Muestras>=10000 (149894)
2026-06-11 12:43:47 [WARNING] training.trainer — El modelo NO supera los umbrales mínimos. No se guarda.
2026-06-11 12:43:47 [INFO] __main__ — Entrenamiento completado. Modelo anterior conservado.
2026-06-11 12:43:47 [INFO] data.mt5_connector — MT5 desconectado.
2026-06-11 12:43:47 [INFO] __main__ — ━━━━━━━━━━━━━━━━━━━━━━━━━━━━━━━━━━━━━━━━━━━━━━━
2026-06-11 12:43:47 [INFO] __main__ — BOT DE ENTRENAMIENTO — FIN
2026-06-11 12:43:47 [INFO] __main__ — ━━━━━━━━━━━━━━━━━━━━━━━━━━━━━━━━━━━━━━━━━━━━━━━
2026-06-11 13:04:05 [INFO] __main__ — ━━━━━━━━━━━━━━━━━━━━━━━━━━━━━━━━━━━━━━━━━━━━━━━
2026-06-11 13:04:05 [INFO] __main__ — BOT DE ENTRENAMIENTO — INICIO
2026-06-11 13:04:05 [INFO] __main__ — ━━━━━━━━━━━━━━━━━━━━━━━━━━━━━━━━━━━━━━━━━━━━━━━
2026-06-11 13:04:05 [INFO] data.mt5_connector — MT5 conectado — build 5836, cuenta: 101396200
2026-06-11 13:04:05 [INFO] data.mt5_connector — Descargando 300000 velas de EURUSD M5 en chunks de 50000...
2026-06-11 13:04:05 [INFO] data.mt5_connector —   chunk 1/6 — 50000 velas acumuladas
2026-06-11 13:04:05 [INFO] data.mt5_connector —   chunk 2/6 — 100000 velas acumuladas
2026-06-11 13:04:05 [INFO] data.mt5_connector —   chunk 3/6 — 150000 velas acumuladas
2026-06-11 13:04:05 [INFO] data.mt5_connector —   chunk 4/6 — 200000 velas acumuladas
2026-06-11 13:04:05 [INFO] data.mt5_connector —   chunk 5/6 — 250000 velas acumuladas
2026-06-11 13:04:05 [INFO] data.mt5_connector —   chunk 6/6 — 300000 velas acumuladas
2026-06-11 13:04:06 [INFO] data.mt5_connector — Total descargado: 300000 velas. Rango: 2022-06-01 19:15:00 → 2026-06-11 20:00:00
2026-06-11 13:04:14 [INFO] features.indicators — Indicadores calculados. Filas resultantes: 299976
2026-06-11 13:04:14 [INFO] training.labeler — Etiquetas generadas — HOLD: 148597 | BUY: 75814 | SELL: 75561 | NaN: 4
2026-06-11 13:04:14 [INFO] __main__ — Distribución de etiquetas: {'HOLD': 49.54, 'BUY': 25.27, 'SELL': 25.19}
2026-06-11 13:04:14 [INFO] training.dataset — Dataset construido: 299972 filas, 15 features.
2026-06-11 13:04:14 [INFO] training.dataset — Balance de clases — HOLD: 148597 (49.5%) | BUY: 75814 (25.3%) | SELL: 75561 (25.2%)
2026-06-11 13:04:14 [INFO] __main__ — Operaciones históricas en SQLite: 0
2026-06-11 13:04:14 [INFO] training.trainer — === Iniciando entrenamiento ===
2026-06-11 13:04:14 [INFO] training.dataset — Train/Test split — Train: 149986 filas (2022-06-01 20:50:00 → 2024-06-05 01:00:00) | Test: 149986 filas (2024-06-05 01:05:00 → 2026-06-11 19:40:00)
2026-06-11 13:04:14 [INFO] training.trainer — Walk-forward validation con 8 folds...
2026-06-11 13:04:15 [INFO] training.trainer — Modelo entrenado con 16665 muestras, 15 features.
2026-06-11 13:04:15 [INFO] training.trainer — Modelo entrenado con 33330 muestras, 15 features.
2026-06-11 13:04:16 [INFO] training.trainer — Modelo entrenado con 49995 muestras, 15 features.
2026-06-11 13:04:16 [INFO] training.trainer — Modelo entrenado con 66660 muestras, 15 features.
2026-06-11 13:04:17 [INFO] training.trainer — Modelo entrenado con 83325 muestras, 15 features.
2026-06-11 13:04:18 [INFO] training.trainer — Modelo entrenado con 99990 muestras, 15 features.
2026-06-11 13:04:20 [INFO] training.trainer — Modelo entrenado con 116655 muestras, 15 features.
2026-06-11 13:04:21 [INFO] training.trainer — Modelo entrenado con 133320 muestras, 15 features.
2026-06-11 13:04:21 [INFO] training.trainer — Walk-forward promedio — Sharpe: 2.388 | Win rate: 0.504 | Drawdown: 0.027
2026-06-11 13:04:23 [INFO] training.trainer — Modelo entrenado con 149986 muestras, 15 features.
2026-06-11 13:04:23 [INFO] training.trainer — OOS — Sharpe: 2.381 | Win rate: 0.506 | Drawdown: 0.060 | Profit factor: 1.021 | Muestras: 149986
2026-06-11 13:04:23 [WARNING] training.trainer — Umbrales mínimos: Sharpe>=1.00 (2.381) | WinRate>=0.52 (0.506) | Drawdown<=0.15 (0.060) | Trades>=500 (37131) | Muestras>=10000 (149986)
2026-06-11 13:04:23 [WARNING] training.trainer — El modelo NO supera los umbrales mínimos. No se guarda.
2026-06-11 13:04:23 [INFO] __main__ — Entrenamiento completado. Modelo anterior conservado.
2026-06-11 13:04:23 [INFO] data.mt5_connector — MT5 desconectado.
2026-06-11 13:04:23 [INFO] __main__ — ━━━━━━━━━━━━━━━━━━━━━━━━━━━━━━━━━━━━━━━━━━━━━━━
2026-06-11 13:04:23 [INFO] __main__ — BOT DE ENTRENAMIENTO — FIN
2026-06-11 13:04:23 [INFO] __main__ — ━━━━━━━━━━━━━━━━━━━━━━━━━━━━━━━━━━━━━━━━━━━━━━━
2026-06-11 13:17:17 [INFO] __main__ — ━━━━━━━━━━━━━━━━━━━━━━━━━━━━━━━━━━━━━━━━━━━━━━━
2026-06-11 13:17:17 [INFO] __main__ — BOT DE ENTRENAMIENTO — INICIO (modo optimización)
2026-06-11 13:17:17 [INFO] __main__ — ━━━━━━━━━━━━━━━━━━━━━━━━━━━━━━━━━━━━━━━━━━━━━━━
2026-06-11 13:17:17 [INFO] data.mt5_connector — MT5 conectado — build 5836, cuenta: 101396200
2026-06-11 13:17:17 [INFO] data.mt5_connector — Descargando 300000 velas de EURUSD M5 en chunks de 50000...
2026-06-11 13:17:17 [INFO] data.mt5_connector —   chunk 1/6 — 50000 velas acumuladas
2026-06-11 13:17:17 [INFO] data.mt5_connector —   chunk 2/6 — 100000 velas acumuladas
2026-06-11 13:17:17 [INFO] data.mt5_connector —   chunk 3/6 — 150000 velas acumuladas
2026-06-11 13:17:17 [INFO] data.mt5_connector —   chunk 4/6 — 200000 velas acumuladas
2026-06-11 13:17:17 [INFO] data.mt5_connector —   chunk 5/6 — 250000 velas acumuladas
2026-06-11 13:17:17 [INFO] data.mt5_connector —   chunk 6/6 — 300000 velas acumuladas
2026-06-11 13:17:17 [INFO] data.mt5_connector — Total descargado: 300000 velas. Rango: 2022-06-01 19:30:00 → 2026-06-11 20:15:00
2026-06-11 13:17:19 [INFO] __main__ — Iniciando búsqueda de parámetros con Optuna (10 trials)...
2026-06-11 13:17:21 [INFO] training.optimizer — === Optimización iniciada — 10 trials nuevos (ya probados: 0, total: 10) ===
2026-06-11 13:17:25 [INFO] training.optimizer — Trial 1/10 — Sharpe: 4.0722 | Mejor: 4.0722
2026-06-11 13:17:32 [INFO] training.optimizer — Trial 2/10 — Sharpe: 3.9800 | Mejor: 4.0722
2026-06-11 13:17:39 [INFO] training.optimizer — Trial 3/10 — Sharpe: 5.1542 | Mejor: 5.1542
2026-06-11 13:17:43 [INFO] training.optimizer — Trial 4/10 — Sharpe: 3.5600 | Mejor: 5.1542
2026-06-11 13:17:53 [INFO] training.optimizer — Trial 5/10 — Sharpe: 3.6778 | Mejor: 5.1542
2026-06-11 13:17:58 [INFO] training.optimizer — Trial 6/10 — Sharpe: 3.4417 | Mejor: 5.1542
2026-06-11 13:18:03 [INFO] training.optimizer — Trial 7/10 — Sharpe: 1.8721 | Mejor: 5.1542
2026-06-11 13:18:08 [INFO] training.optimizer — Trial 8/10 — Sharpe: 2.8616 | Mejor: 5.1542
2026-06-11 13:18:15 [INFO] training.optimizer — Trial 9/10 — Sharpe: 3.0189 | Mejor: 5.1542
2026-06-11 13:18:28 [INFO] training.optimizer — Trial 10/10 — Sharpe: 1.8968 | Mejor: 5.1542
2026-06-11 13:18:28 [INFO] training.optimizer — Optimización completada — Mejor Sharpe: 5.1542 (sobre 10 trials totales)
2026-06-11 13:18:28 [INFO] training.optimizer — Mejores parámetros: {'EMA_FAST': 8, 'EMA_SLOW': 34, 'LABEL_HORIZON': 1, 'LABEL_THRESHOLD': 0.00019313157645099455, 'RSI_PERIOD': 10, 'BB_PERIOD': 5, 'n_estimators': 282, 'max_depth': 2, 'learning_rate': 0.022801012086890945, 'subsample': 0.9795542149013333, 'colsample_bytree': 0.9862528132298237, 'reg_lambda': 5.632733481673016}
2026-06-11 13:18:28 [INFO] training.optimizer — Mejores parámetros guardados en C:\Users\ferna\Desktop\BOTS\BOTS\BOTS\botentrenamiento\models\best_params.json
2026-06-11 13:18:28 [INFO] training.optimizer — config.py actualizado con los mejores parámetros de Optuna.
2026-06-11 13:18:28 [INFO] __main__ — Parámetros optimizados aplicados. Módulos recargados.
2026-06-11 13:18:28 [INFO] features.indicators — Indicadores calculados. Filas resultantes: 299968
2026-06-11 13:18:28 [INFO] training.labeler — Etiquetas generadas — HOLD: 201436 | BUY: 49247 | SELL: 49284 | NaN: 1
2026-06-11 13:18:28 [INFO] __main__ — Distribución de etiquetas: {'HOLD': 67.15, 'SELL': 16.43, 'BUY': 16.42}
2026-06-11 13:18:28 [INFO] training.dataset — Dataset construido: 299967 filas, 15 features.
2026-06-11 13:18:28 [INFO] training.dataset — Balance de clases — HOLD: 201436 (67.2%) | BUY: 49247 (16.4%) | SELL: 49284 (16.4%)
2026-06-11 13:18:28 [INFO] __main__ — Operaciones históricas en SQLite: 0
2026-06-11 13:18:28 [INFO] training.trainer — === Iniciando entrenamiento ===
2026-06-11 13:18:28 [INFO] training.dataset — Train/Test split — Train: 149983 filas (2022-06-01 21:05:00 → 2024-06-05 01:35:00) | Test: 149984 filas (2024-06-05 01:40:00 → 2026-06-11 20:10:00)
2026-06-11 13:18:28 [INFO] training.trainer — Walk-forward validation con 8 folds...
2026-06-11 13:18:29 [INFO] training.trainer — Modelo entrenado con 16664 muestras, 15 features.
2026-06-11 13:18:30 [INFO] training.trainer — Modelo entrenado con 33328 muestras, 15 features.
2026-06-11 13:18:30 [INFO] training.trainer — Modelo entrenado con 49992 muestras, 15 features.
2026-06-11 13:18:31 [INFO] training.trainer — Modelo entrenado con 66656 muestras, 15 features.
2026-06-11 13:18:33 [INFO] training.trainer — Modelo entrenado con 83320 muestras, 15 features.
2026-06-11 13:18:34 [INFO] training.trainer — Modelo entrenado con 99984 muestras, 15 features.
2026-06-11 13:18:35 [INFO] training.trainer — Modelo entrenado con 116648 muestras, 15 features.
2026-06-11 13:18:37 [INFO] training.trainer — Modelo entrenado con 133312 muestras, 15 features.
2026-06-11 13:18:37 [INFO] training.trainer — Walk-forward promedio — Sharpe: 2.103 | Win rate: 0.507 | Drawdown: 0.024
2026-06-11 13:18:39 [INFO] training.trainer — Modelo entrenado con 149983 muestras, 15 features.
2026-06-11 13:18:39 [INFO] training.trainer — OOS — Sharpe: 5.972 | Win rate: 0.512 | Drawdown: 0.039 | Profit factor: 1.052 | Muestras: 149983
2026-06-11 13:18:39 [WARNING] training.trainer — Umbrales mínimos: Sharpe>=1.00 (5.972) | WinRate>=0.52 (0.512) | Drawdown<=0.15 (0.039) | Trades>=500 (5318) | Muestras>=10000 (149983)
2026-06-11 13:18:39 [WARNING] training.trainer — El modelo NO supera los umbrales mínimos. No se guarda.
2026-06-11 13:18:39 [INFO] __main__ — Entrenamiento completado. Modelo anterior conservado.
2026-06-11 13:18:39 [INFO] data.mt5_connector — MT5 desconectado.
2026-06-11 13:18:39 [INFO] __main__ — ━━━━━━━━━━━━━━━━━━━━━━━━━━━━━━━━━━━━━━━━━━━━━━━
2026-06-11 13:18:39 [INFO] __main__ — BOT DE ENTRENAMIENTO — FIN
2026-06-11 13:18:39 [INFO] __main__ — ━━━━━━━━━━━━━━━━━━━━━━━━━━━━━━━━━━━━━━━━━━━━━━━
2026-06-11 13:23:42 [INFO] __main__ — ━━━━━━━━━━━━━━━━━━━━━━━━━━━━━━━━━━━━━━━━━━━━━━━
2026-06-11 13:23:42 [INFO] __main__ — BOT DE ENTRENAMIENTO — INICIO (modo optimización)
2026-06-11 13:23:42 [INFO] __main__ — ━━━━━━━━━━━━━━━━━━━━━━━━━━━━━━━━━━━━━━━━━━━━━━━
2026-06-11 13:23:42 [INFO] data.mt5_connector — MT5 conectado — build 5836, cuenta: 101396200
2026-06-11 13:23:42 [INFO] data.mt5_connector — Descargando 300000 velas de EURUSD M5 en chunks de 50000...
2026-06-11 13:23:42 [INFO] data.mt5_connector —   chunk 1/6 — 50000 velas acumuladas
2026-06-11 13:23:42 [INFO] data.mt5_connector —   chunk 2/6 — 100000 velas acumuladas
2026-06-11 13:23:42 [INFO] data.mt5_connector —   chunk 3/6 — 150000 velas acumuladas
2026-06-11 13:23:42 [INFO] data.mt5_connector —   chunk 4/6 — 200000 velas acumuladas
2026-06-11 13:23:42 [INFO] data.mt5_connector —   chunk 5/6 — 250000 velas acumuladas
2026-06-11 13:23:42 [INFO] data.mt5_connector —   chunk 6/6 — 300000 velas acumuladas
2026-06-11 13:23:42 [INFO] data.mt5_connector — Total descargado: 300000 velas. Rango: 2022-06-01 19:35:00 → 2026-06-11 20:20:00
2026-06-11 13:23:43 [INFO] __main__ — Iniciando búsqueda de parámetros con Optuna (10 trials)...
2026-06-11 13:23:44 [INFO] training.optimizer — === Optimización iniciada — 10 trials nuevos (ya probados: 0, total: 10) ===
2026-06-11 13:23:51 [INFO] training.optimizer — Trial #0 guardado en historial (Sharpe: 2.8209).
2026-06-11 13:23:51 [INFO] training.optimizer — Trial 1/10 — Sharpe: 2.8209 | Mejor: 2.8209
2026-06-11 13:24:09 [INFO] training.optimizer — Trial #1 guardado en historial (Sharpe: 4.1028).
2026-06-11 13:24:09 [INFO] training.optimizer — Trial 2/10 — Sharpe: 4.1028 | Mejor: 4.1028
2026-06-11 13:24:18 [INFO] training.optimizer — Trial #2 guardado en historial (Sharpe: 7.2858).
2026-06-11 13:24:18 [INFO] training.optimizer — Trial 3/10 — Sharpe: 7.2858 | Mejor: 7.2858
2026-06-11 13:24:24 [INFO] training.optimizer — Trial #3 guardado en historial (Sharpe: 3.6352).
2026-06-11 13:24:24 [INFO] training.optimizer — Trial 4/10 — Sharpe: 3.6352 | Mejor: 7.2858
2026-06-11 13:24:37 [INFO] training.optimizer — Trial #4 guardado en historial (Sharpe: 3.5821).
2026-06-11 13:24:37 [INFO] training.optimizer — Trial 5/10 — Sharpe: 3.5821 | Mejor: 7.2858
2026-06-11 13:24:43 [INFO] training.optimizer — Trial #5 guardado en historial (Sharpe: 3.2770).
2026-06-11 13:24:43 [INFO] training.optimizer — Trial 6/10 — Sharpe: 3.2770 | Mejor: 7.2858
2026-06-11 13:24:50 [INFO] training.optimizer — Trial 7/10 — Sharpe: 0.5874 | Mejor: 7.2858
2026-06-11 13:24:56 [INFO] training.optimizer — Trial #7 guardado en historial (Sharpe: 4.1161).
2026-06-11 13:24:56 [INFO] training.optimizer — Trial 8/10 — Sharpe: 4.1161 | Mejor: 7.2858
2026-06-11 13:25:04 [INFO] training.optimizer — Trial #8 guardado en historial (Sharpe: 2.4586).
2026-06-11 13:25:04 [INFO] training.optimizer — Trial 9/10 — Sharpe: 2.4586 | Mejor: 7.2858
2026-06-11 13:25:18 [INFO] training.optimizer — Trial #9 guardado en historial (Sharpe: 2.1660).
2026-06-11 13:25:18 [INFO] training.optimizer — Trial 10/10 — Sharpe: 2.1660 | Mejor: 7.2858
2026-06-11 13:25:18 [INFO] training.optimizer — Optimización completada — Mejor Sharpe: 7.2858 (sobre 10 trials totales)
2026-06-11 13:25:18 [INFO] training.optimizer — Mejores parámetros: {'EMA_FAST': 8, 'EMA_SLOW': 34, 'LABEL_HORIZON': 1, 'LABEL_THRESHOLD': 0.00019313157645099455, 'RSI_PERIOD': 10, 'BB_PERIOD': 5, 'n_estimators': 282, 'max_depth': 2, 'learning_rate': 0.022801012086890945, 'subsample': 0.9795542149013333, 'colsample_bytree': 0.9862528132298237, 'reg_lambda': 5.632733481673016}
2026-06-11 13:25:18 [INFO] training.optimizer — Mejores parámetros guardados en C:\Users\ferna\Desktop\BOTS\BOTS\BOTS\botentrenamiento\models\best_params.json
2026-06-11 13:25:18 [INFO] training.optimizer — config.py actualizado con los mejores parámetros de Optuna.
2026-06-11 13:25:18 [INFO] __main__ — Parámetros optimizados aplicados. Módulos recargados.
2026-06-11 13:25:18 [INFO] features.indicators — Indicadores calculados. Filas resultantes: 299968
2026-06-11 13:25:18 [INFO] training.labeler — Etiquetas generadas — HOLD: 201436 | BUY: 49247 | SELL: 49284 | NaN: 1
2026-06-11 13:25:18 [INFO] __main__ — Distribución de etiquetas: {'HOLD': 67.15, 'SELL': 16.43, 'BUY': 16.42}
2026-06-11 13:25:18 [INFO] training.dataset — Dataset construido: 299967 filas, 15 features.
2026-06-11 13:25:18 [INFO] training.dataset — Balance de clases — HOLD: 201436 (67.2%) | BUY: 49247 (16.4%) | SELL: 49284 (16.4%)
2026-06-11 13:25:18 [INFO] __main__ — Operaciones históricas en SQLite: 0
2026-06-11 13:25:18 [INFO] training.trainer — === Iniciando entrenamiento ===
2026-06-11 13:25:18 [INFO] training.dataset — Train/Test split — Train: 149983 filas (2022-06-01 21:10:00 → 2024-06-05 01:40:00) | Test: 149984 filas (2024-06-05 01:45:00 → 2026-06-11 20:15:00)
2026-06-11 13:25:18 [INFO] training.trainer — Walk-forward validation con 8 folds...
2026-06-11 13:25:19 [INFO] training.trainer — Modelo entrenado con 16664 muestras, 15 features.
2026-06-11 13:25:20 [INFO] training.trainer — Modelo entrenado con 33328 muestras, 15 features.
2026-06-11 13:25:21 [INFO] training.trainer — Modelo entrenado con 49992 muestras, 15 features.
2026-06-11 13:25:23 [INFO] training.trainer — Modelo entrenado con 66656 muestras, 15 features.
2026-06-11 13:25:25 [INFO] training.trainer — Modelo entrenado con 83320 muestras, 15 features.
2026-06-11 13:25:27 [INFO] training.trainer — Modelo entrenado con 99984 muestras, 15 features.
2026-06-11 13:25:30 [INFO] training.trainer — Modelo entrenado con 116648 muestras, 15 features.
2026-06-11 13:25:33 [INFO] training.trainer — Modelo entrenado con 133312 muestras, 15 features.
2026-06-11 13:25:33 [INFO] training.trainer — Walk-forward promedio — Sharpe: 3.022 | Win rate: 0.507 | Drawdown: 0.023
2026-06-11 13:25:37 [INFO] training.trainer — Modelo entrenado con 149983 muestras, 15 features.
2026-06-11 13:25:37 [INFO] training.trainer — OOS — Sharpe: 5.782 | Win rate: 0.512 | Drawdown: 0.038 | Profit factor: 1.050 | Muestras: 149983
2026-06-11 13:25:37 [WARNING] training.trainer — Umbrales mínimos: Sharpe>=1.00 (5.782) | WinRate>=0.52 (0.512) | Drawdown<=0.15 (0.038) | Trades>=500 (5239) | Muestras>=10000 (149983)
2026-06-11 13:25:37 [WARNING] training.trainer — El modelo NO supera los umbrales mínimos. No se guarda.
2026-06-11 13:25:37 [INFO] __main__ — Entrenamiento completado. Modelo anterior conservado.
2026-06-11 13:25:37 [INFO] data.mt5_connector — MT5 desconectado.
2026-06-11 13:25:37 [INFO] __main__ — ━━━━━━━━━━━━━━━━━━━━━━━━━━━━━━━━━━━━━━━━━━━━━━━
2026-06-11 13:25:37 [INFO] __main__ — BOT DE ENTRENAMIENTO — FIN
2026-06-11 13:25:37 [INFO] __main__ — ━━━━━━━━━━━━━━━━━━━━━━━━━━━━━━━━━━━━━━━━━━━━━━━
2026-06-11 15:16:41 [INFO] __main__ — ━━━━━━━━━━━━━━━━━━━━━━━━━━━━━━━━━━━━━━━━━━━━━━━
2026-06-11 15:16:41 [INFO] __main__ — BOT DE ENTRENAMIENTO — INICIO
2026-06-11 15:16:41 [INFO] __main__ — ━━━━━━━━━━━━━━━━━━━━━━━━━━━━━━━━━━━━━━━━━━━━━━━
2026-06-11 15:16:41 [INFO] data.mt5_connector — MT5 conectado — build 5836, cuenta: 101396200
2026-06-11 15:16:41 [INFO] data.mt5_connector — Descargando 300000 velas de EURUSD M5 en chunks de 50000...
2026-06-11 15:16:41 [INFO] data.mt5_connector —   chunk 1/6 — 50000 velas acumuladas
2026-06-11 15:16:41 [INFO] data.mt5_connector —   chunk 2/6 — 100000 velas acumuladas
2026-06-11 15:16:42 [INFO] data.mt5_connector —   chunk 3/6 — 150000 velas acumuladas
2026-06-11 15:16:42 [INFO] data.mt5_connector —   chunk 4/6 — 200000 velas acumuladas
2026-06-11 15:16:42 [INFO] data.mt5_connector —   chunk 5/6 — 250000 velas acumuladas
2026-06-11 15:16:42 [INFO] data.mt5_connector —   chunk 6/6 — 300000 velas acumuladas
2026-06-11 15:16:42 [INFO] data.mt5_connector — Total descargado: 300000 velas. Rango: 2022-06-01 21:30:00 → 2026-06-11 22:15:00
2026-06-11 15:16:51 [INFO] features.indicators — Indicadores calculados. Filas resultantes: 299968
2026-06-11 15:16:51 [INFO] training.labeler — Etiquetas generadas — HOLD: 201435 | BUY: 49250 | SELL: 49282 | NaN: 1
2026-06-11 15:16:51 [INFO] __main__ — Distribución de etiquetas: {'HOLD': 67.15, 'SELL': 16.43, 'BUY': 16.42}
2026-06-11 15:16:51 [INFO] training.dataset — Dataset construido: 299967 filas, 15 features.
2026-06-11 15:16:51 [INFO] training.dataset — Balance de clases — HOLD: 201435 (67.2%) | BUY: 49250 (16.4%) | SELL: 49282 (16.4%)
2026-06-11 15:16:51 [INFO] __main__ — Operaciones históricas en SQLite: 0
2026-06-11 15:16:51 [INFO] training.trainer — === Iniciando entrenamiento ===
2026-06-11 15:16:51 [INFO] training.dataset — Train/Test split — Train: 149983 filas (2022-06-01 23:05:00 → 2024-06-05 03:35:00) | Test: 149984 filas (2024-06-05 03:40:00 → 2026-06-11 22:10:00)
2026-06-11 15:16:51 [INFO] training.trainer — Walk-forward validation con 8 folds...
2026-06-11 15:16:52 [INFO] training.trainer — Modelo entrenado con 16664 muestras, 15 features.
2026-06-11 15:16:52 [INFO] training.trainer — Modelo entrenado con 33328 muestras, 15 features.
2026-06-11 15:16:53 [INFO] training.trainer — Modelo entrenado con 49992 muestras, 15 features.
2026-06-11 15:16:54 [INFO] training.trainer — Modelo entrenado con 66656 muestras, 15 features.
2026-06-11 15:16:55 [INFO] training.trainer — Modelo entrenado con 83320 muestras, 15 features.
2026-06-11 15:16:56 [INFO] training.trainer — Modelo entrenado con 99984 muestras, 15 features.
2026-06-11 15:16:58 [INFO] training.trainer — Modelo entrenado con 116648 muestras, 15 features.
2026-06-11 15:17:00 [INFO] training.trainer — Modelo entrenado con 133312 muestras, 15 features.
2026-06-11 15:17:00 [INFO] training.trainer — Walk-forward promedio — Sharpe: 2.140 | Win rate: 0.506 | Drawdown: 0.018
2026-06-11 15:17:02 [INFO] training.trainer — Modelo entrenado con 149983 muestras, 15 features.
2026-06-11 15:17:02 [INFO] training.trainer — OOS — Sharpe: 5.201 | Win rate: 0.511 | Drawdown: 0.037 | Profit factor: 1.045 | Muestras: 149983
2026-06-11 15:17:02 [WARNING] training.trainer — Umbrales mínimos: Sharpe>=1.00 (5.201) | WinRate>=0.52 (0.511) | Drawdown<=0.15 (0.037) | Trades>=500 (5300) | Muestras>=10000 (149983)
2026-06-11 15:17:02 [WARNING] training.trainer — El modelo NO supera los umbrales mínimos. No se guarda.
2026-06-11 15:17:02 [INFO] __main__ — Entrenamiento completado. Modelo anterior conservado.
2026-06-11 15:17:02 [INFO] data.mt5_connector — MT5 desconectado.
2026-06-11 15:17:02 [INFO] __main__ — ━━━━━━━━━━━━━━━━━━━━━━━━━━━━━━━━━━━━━━━━━━━━━━━
2026-06-11 15:17:02 [INFO] __main__ — BOT DE ENTRENAMIENTO — FIN
2026-06-11 15:17:02 [INFO] __main__ — ━━━━━━━━━━━━━━━━━━━━━━━━━━━━━━━━━━━━━━━━━━━━━━━
2026-06-11 15:17:28 [INFO] __main__ — ━━━━━━━━━━━━━━━━━━━━━━━━━━━━━━━━━━━━━━━━━━━━━━━
2026-06-11 15:17:28 [INFO] __main__ — BOT DE ENTRENAMIENTO — INICIO (modo optimización)
2026-06-11 15:17:28 [INFO] __main__ — ━━━━━━━━━━━━━━━━━━━━━━━━━━━━━━━━━━━━━━━━━━━━━━━
2026-06-11 15:17:28 [INFO] data.mt5_connector — MT5 conectado — build 5836, cuenta: 101396200
2026-06-11 15:17:28 [INFO] data.mt5_connector — Descargando 300000 velas de EURUSD M5 en chunks de 50000...
2026-06-11 15:17:28 [INFO] data.mt5_connector —   chunk 1/6 — 50000 velas acumuladas
2026-06-11 15:17:28 [INFO] data.mt5_connector —   chunk 2/6 — 100000 velas acumuladas
2026-06-11 15:17:28 [INFO] data.mt5_connector —   chunk 3/6 — 150000 velas acumuladas
2026-06-11 15:17:28 [INFO] data.mt5_connector —   chunk 4/6 — 200000 velas acumuladas
2026-06-11 15:17:28 [INFO] data.mt5_connector —   chunk 5/6 — 250000 velas acumuladas
2026-06-11 15:17:28 [INFO] data.mt5_connector —   chunk 6/6 — 300000 velas acumuladas
2026-06-11 15:17:28 [INFO] data.mt5_connector — Total descargado: 300000 velas. Rango: 2022-06-01 21:30:00 → 2026-06-11 22:15:00
2026-06-11 15:17:29 [INFO] __main__ — Iniciando búsqueda de parámetros con Optuna (10 trials)...
2026-06-11 15:17:31 [INFO] training.optimizer — === Optimización iniciada — 10 trials nuevos (ya probados: 0, total: 10) ===
2026-06-11 15:17:35 [INFO] training.optimizer — Trial #0 guardado en historial (Sharpe: 2.8080).
2026-06-11 15:17:35 [INFO] training.optimizer — Trial 1/10 — Sharpe: 2.8080 | Mejor: 2.8080
2026-06-11 15:17:42 [INFO] training.optimizer — Trial #1 guardado en historial (Sharpe: 5.0449).
2026-06-11 15:17:42 [INFO] training.optimizer — Trial 2/10 — Sharpe: 5.0449 | Mejor: 5.0449
2026-06-11 15:17:49 [INFO] training.optimizer — Trial #2 guardado en historial (Sharpe: 6.2649).
2026-06-11 15:17:49 [INFO] training.optimizer — Trial 3/10 — Sharpe: 6.2649 | Mejor: 6.2649
2026-06-11 15:17:53 [INFO] training.optimizer — Trial #3 guardado en historial (Sharpe: 3.1309).
2026-06-11 15:17:53 [INFO] training.optimizer — Trial 4/10 — Sharpe: 3.1309 | Mejor: 6.2649
2026-06-11 15:18:03 [INFO] training.optimizer — Trial #4 guardado en historial (Sharpe: 3.4967).
2026-06-11 15:18:03 [INFO] training.optimizer — Trial 5/10 — Sharpe: 3.4967 | Mejor: 6.2649
2026-06-11 15:18:08 [INFO] training.optimizer — Trial #5 guardado en historial (Sharpe: 3.6674).
2026-06-11 15:18:08 [INFO] training.optimizer — Trial 6/10 — Sharpe: 3.6674 | Mejor: 6.2649
2026-06-11 15:18:13 [INFO] training.optimizer — Trial #6 guardado en historial (Sharpe: 2.2165).
2026-06-11 15:18:13 [INFO] training.optimizer — Trial 7/10 — Sharpe: 2.2165 | Mejor: 6.2649
2026-06-11 15:18:17 [INFO] training.optimizer — Trial #7 guardado en historial (Sharpe: 2.6579).
2026-06-11 15:18:17 [INFO] training.optimizer — Trial 8/10 — Sharpe: 2.6579 | Mejor: 6.2649
2026-06-11 15:18:23 [INFO] training.optimizer — Trial 9/10 — Sharpe: 0.3495 | Mejor: 6.2649
2026-06-11 15:18:34 [INFO] training.optimizer — Trial #9 guardado en historial (Sharpe: 2.3672).
2026-06-11 15:18:34 [INFO] training.optimizer — Trial 10/10 — Sharpe: 2.3672 | Mejor: 6.2649
2026-06-11 15:18:34 [INFO] training.optimizer — Optimización completada — Mejor Sharpe: 6.2649 (sobre 10 trials totales)
2026-06-11 15:18:34 [INFO] training.optimizer — Mejores parámetros: {'EMA_FAST': 8, 'EMA_SLOW': 34, 'LABEL_HORIZON': 1, 'LABEL_THRESHOLD': 0.00019313157645099455, 'RSI_PERIOD': 10, 'BB_PERIOD': 5, 'n_estimators': 282, 'max_depth': 2, 'learning_rate': 0.022801012086890945, 'subsample': 0.9795542149013333, 'colsample_bytree': 0.9862528132298237, 'reg_lambda': 5.632733481673016}
2026-06-11 15:18:34 [INFO] training.optimizer — Mejores parámetros guardados en C:\Users\ferna\Desktop\BOTS\BOTS\BOTS\botentrenamiento\models\best_params.json
2026-06-11 15:18:34 [INFO] training.optimizer — config.py actualizado con los mejores parámetros de Optuna.
2026-06-11 15:18:34 [INFO] __main__ — Parámetros optimizados aplicados. Módulos recargados.
2026-06-11 15:18:34 [INFO] features.indicators — Indicadores calculados. Filas resultantes: 299968
2026-06-11 15:18:34 [INFO] training.labeler — Etiquetas generadas — HOLD: 201435 | BUY: 49250 | SELL: 49282 | NaN: 1
2026-06-11 15:18:34 [INFO] __main__ — Distribución de etiquetas: {'HOLD': 67.15, 'SELL': 16.43, 'BUY': 16.42}
2026-06-11 15:18:34 [INFO] training.dataset — Dataset construido: 299967 filas, 15 features.
2026-06-11 15:18:34 [INFO] training.dataset — Balance de clases — HOLD: 201435 (67.2%) | BUY: 49250 (16.4%) | SELL: 49282 (16.4%)
2026-06-11 15:18:34 [INFO] __main__ — Operaciones históricas en SQLite: 0
2026-06-11 15:18:34 [INFO] training.trainer — === Iniciando entrenamiento ===
2026-06-11 15:18:34 [INFO] training.dataset — Train/Test split — Train: 149983 filas (2022-06-01 23:05:00 → 2024-06-05 03:35:00) | Test: 149984 filas (2024-06-05 03:40:00 → 2026-06-11 22:10:00)
2026-06-11 15:18:34 [INFO] training.trainer — Walk-forward validation con 8 folds...
2026-06-11 15:18:34 [INFO] training.trainer — Modelo entrenado con 16664 muestras, 15 features.
2026-06-11 15:18:35 [INFO] training.trainer — Modelo entrenado con 33328 muestras, 15 features.
2026-06-11 15:18:36 [INFO] training.trainer — Modelo entrenado con 49992 muestras, 15 features.
2026-06-11 15:18:37 [INFO] training.trainer — Modelo entrenado con 66656 muestras, 15 features.
2026-06-11 15:18:38 [INFO] training.trainer — Modelo entrenado con 83320 muestras, 15 features.
2026-06-11 15:18:39 [INFO] training.trainer — Modelo entrenado con 99984 muestras, 15 features.
2026-06-11 15:18:41 [INFO] training.trainer — Modelo entrenado con 116648 muestras, 15 features.
2026-06-11 15:18:42 [INFO] training.trainer — Modelo entrenado con 133312 muestras, 15 features.
2026-06-11 15:18:42 [INFO] training.trainer — Walk-forward promedio — Sharpe: 2.140 | Win rate: 0.506 | Drawdown: 0.018
2026-06-11 15:18:44 [INFO] training.trainer — Modelo entrenado con 149983 muestras, 15 features.
2026-06-11 15:18:45 [INFO] training.trainer — OOS — Sharpe: 5.201 | Win rate: 0.511 | Drawdown: 0.037 | Profit factor: 1.045 | Muestras: 149983
2026-06-11 15:18:45 [WARNING] training.trainer — Umbrales mínimos: Sharpe>=1.00 (5.201) | WinRate>=0.52 (0.511) | Drawdown<=0.15 (0.037) | Trades>=500 (5300) | Muestras>=10000 (149983)
2026-06-11 15:18:45 [WARNING] training.trainer — El modelo NO supera los umbrales mínimos. No se guarda.
2026-06-11 15:18:45 [INFO] __main__ — Entrenamiento completado. Modelo anterior conservado.
2026-06-11 15:18:45 [INFO] data.mt5_connector — MT5 desconectado.
2026-06-11 15:18:45 [INFO] __main__ — ━━━━━━━━━━━━━━━━━━━━━━━━━━━━━━━━━━━━━━━━━━━━━━━
2026-06-11 15:18:45 [INFO] __main__ — BOT DE ENTRENAMIENTO — FIN
2026-06-11 15:18:45 [INFO] __main__ — ━━━━━━━━━━━━━━━━━━━━━━━━━━━━━━━━━━━━━━━━━━━━━━━
2026-06-11 15:27:52 [INFO] __main__ — ━━━━━━━━━━━━━━━━━━━━━━━━━━━━━━━━━━━━━━━━━━━━━━━
2026-06-11 15:27:52 [INFO] __main__ — BOT DE ENTRENAMIENTO — INICIO
2026-06-11 15:27:52 [INFO] __main__ — ━━━━━━━━━━━━━━━━━━━━━━━━━━━━━━━━━━━━━━━━━━━━━━━
2026-06-11 15:27:52 [INFO] data.mt5_connector — MT5 conectado — build 5836, cuenta: 101396200
2026-06-11 15:27:52 [INFO] data.mt5_connector — Descargando 300000 velas de EURUSD M5 en chunks de 50000...
2026-06-11 15:27:52 [INFO] data.mt5_connector —   chunk 1/6 — 50000 velas acumuladas
2026-06-11 15:27:52 [INFO] data.mt5_connector —   chunk 2/6 — 100000 velas acumuladas
2026-06-11 15:27:52 [INFO] data.mt5_connector —   chunk 3/6 — 150000 velas acumuladas
2026-06-11 15:27:52 [INFO] data.mt5_connector —   chunk 4/6 — 200000 velas acumuladas
2026-06-11 15:27:52 [INFO] data.mt5_connector —   chunk 5/6 — 250000 velas acumuladas
2026-06-11 15:27:52 [INFO] data.mt5_connector —   chunk 6/6 — 300000 velas acumuladas
2026-06-11 15:27:52 [INFO] data.mt5_connector — Total descargado: 300000 velas. Rango: 2022-06-01 21:40:00 → 2026-06-11 22:25:00
2026-06-11 15:27:53 [INFO] features.indicators — Indicadores calculados. Filas resultantes: 299968
2026-06-11 15:27:53 [INFO] training.labeler — Etiquetas generadas — HOLD: 201434 | BUY: 49251 | SELL: 49282 | NaN: 1
2026-06-11 15:27:53 [INFO] __main__ — Distribución de etiquetas: {'HOLD': 67.15, 'SELL': 16.43, 'BUY': 16.42}
2026-06-11 15:27:53 [INFO] training.dataset — Dataset construido: 299967 filas, 15 features.
2026-06-11 15:27:53 [INFO] training.dataset — Balance de clases — HOLD: 201434 (67.2%) | BUY: 49251 (16.4%) | SELL: 49282 (16.4%)
2026-06-11 15:27:53 [INFO] __main__ — Operaciones históricas en SQLite: 0
2026-06-11 15:27:53 [INFO] training.trainer — === Iniciando entrenamiento ===
2026-06-11 15:27:53 [INFO] training.dataset — Train/Test split — Train: 149983 filas (2022-06-01 23:15:00 → 2024-06-05 03:45:00) | Test: 149984 filas (2024-06-05 03:50:00 → 2026-06-11 22:20:00)
2026-06-11 15:27:53 [INFO] training.trainer — Walk-forward validation con 8 folds...
2026-06-11 15:27:54 [INFO] training.trainer — Modelo entrenado con 16664 muestras, 15 features.
2026-06-11 15:27:54 [INFO] training.trainer — Modelo entrenado con 33328 muestras, 15 features.
2026-06-11 15:27:55 [INFO] training.trainer — Modelo entrenado con 49992 muestras, 15 features.
2026-06-11 15:27:56 [INFO] training.trainer — Modelo entrenado con 66656 muestras, 15 features.
2026-06-11 15:27:57 [INFO] training.trainer — Modelo entrenado con 83320 muestras, 15 features.
2026-06-11 15:27:59 [INFO] training.trainer — Modelo entrenado con 99984 muestras, 15 features.
2026-06-11 15:28:00 [INFO] training.trainer — Modelo entrenado con 116648 muestras, 15 features.
2026-06-11 15:28:02 [INFO] training.trainer — Modelo entrenado con 133312 muestras, 15 features.
2026-06-11 15:28:02 [INFO] training.trainer — Walk-forward promedio — Sharpe: 4.014 | Win rate: 0.508 | Drawdown: 0.021
2026-06-11 15:28:04 [INFO] training.trainer — Modelo entrenado con 149983 muestras, 15 features.
2026-06-11 15:28:04 [INFO] training.trainer — OOS — Sharpe: 4.920 | Win rate: 0.511 | Drawdown: 0.041 | Profit factor: 1.042 | Muestras: 149983
2026-06-11 15:28:04 [WARNING] training.trainer — Umbrales mínimos: Sharpe>=1.00 (4.920) | WinRate>=0.52 (0.511) | Drawdown<=0.15 (0.041) | Trades>=18000 (5247) | Muestras>=10000 (149983)
2026-06-11 15:28:04 [WARNING] training.trainer — El modelo NO supera los umbrales mínimos. No se guarda.
2026-06-11 15:28:04 [INFO] __main__ — Entrenamiento completado. Modelo anterior conservado.
2026-06-11 15:28:04 [INFO] data.mt5_connector — MT5 desconectado.
2026-06-11 15:28:04 [INFO] __main__ — ━━━━━━━━━━━━━━━━━━━━━━━━━━━━━━━━━━━━━━━━━━━━━━━
2026-06-11 15:28:04 [INFO] __main__ — BOT DE ENTRENAMIENTO — FIN
2026-06-11 15:28:04 [INFO] __main__ — ━━━━━━━━━━━━━━━━━━━━━━━━━━━━━━━━━━━━━━━━━━━━━━━
2026-06-11 15:36:01 [INFO] __main__ — ━━━━━━━━━━━━━━━━━━━━━━━━━━━━━━━━━━━━━━━━━━━━━━━
2026-06-11 15:36:01 [INFO] __main__ — BOT DE ENTRENAMIENTO — INICIO
2026-06-11 15:36:01 [INFO] __main__ — ━━━━━━━━━━━━━━━━━━━━━━━━━━━━━━━━━━━━━━━━━━━━━━━
2026-06-11 15:36:01 [INFO] data.mt5_connector — MT5 conectado — build 5836, cuenta: 101396200
2026-06-11 15:36:01 [INFO] data.mt5_connector — Descargando 300000 velas de EURUSD M5 en chunks de 50000...
2026-06-11 15:36:01 [INFO] data.mt5_connector —   chunk 1/6 — 50000 velas acumuladas
2026-06-11 15:36:01 [INFO] data.mt5_connector —   chunk 2/6 — 100000 velas acumuladas
2026-06-11 15:36:01 [INFO] data.mt5_connector —   chunk 3/6 — 150000 velas acumuladas
2026-06-11 15:36:01 [INFO] data.mt5_connector —   chunk 4/6 — 200000 velas acumuladas
2026-06-11 15:36:01 [INFO] data.mt5_connector —   chunk 5/6 — 250000 velas acumuladas
2026-06-11 15:36:01 [INFO] data.mt5_connector —   chunk 6/6 — 300000 velas acumuladas
2026-06-11 15:36:01 [INFO] data.mt5_connector — Total descargado: 300000 velas. Rango: 2022-06-01 21:50:00 → 2026-06-11 22:35:00
2026-06-11 15:36:02 [INFO] features.indicators — Indicadores calculados. Filas resultantes: 299968
2026-06-11 15:36:02 [INFO] training.labeler — Etiquetas generadas — HOLD: 201434 | BUY: 49251 | SELL: 49282 | NaN: 1
2026-06-11 15:36:03 [INFO] __main__ — Distribución de etiquetas: {'HOLD': 67.15, 'SELL': 16.43, 'BUY': 16.42}
2026-06-11 15:36:03 [INFO] training.dataset — Dataset construido: 299967 filas, 15 features.
2026-06-11 15:36:03 [INFO] training.dataset — Balance de clases — HOLD: 201434 (67.2%) | BUY: 49251 (16.4%) | SELL: 49282 (16.4%)
2026-06-11 15:36:03 [INFO] __main__ — Operaciones históricas en SQLite: 0
2026-06-11 15:36:03 [INFO] training.trainer — === Iniciando entrenamiento ===
2026-06-11 15:36:03 [INFO] training.dataset — Train/Test split — Train: 149983 filas (2022-06-01 23:25:00 → 2024-06-05 03:55:00) | Test: 149984 filas (2024-06-05 04:00:00 → 2026-06-11 22:30:00)
2026-06-11 15:36:03 [INFO] training.trainer — Walk-forward validation con 8 folds...
2026-06-11 15:36:03 [INFO] training.trainer — Modelo entrenado con 16664 muestras, 15 features.
2026-06-11 15:36:04 [INFO] training.trainer — Modelo entrenado con 33328 muestras, 15 features.
2026-06-11 15:36:04 [INFO] training.trainer — Modelo entrenado con 49992 muestras, 15 features.
2026-06-11 15:36:05 [INFO] training.trainer — Modelo entrenado con 66656 muestras, 15 features.
2026-06-11 15:36:07 [INFO] training.trainer — Modelo entrenado con 83320 muestras, 15 features.
2026-06-11 15:36:08 [INFO] training.trainer — Modelo entrenado con 99984 muestras, 15 features.
2026-06-11 15:36:09 [INFO] training.trainer — Modelo entrenado con 116648 muestras, 15 features.
2026-06-11 15:36:11 [INFO] training.trainer — Modelo entrenado con 133312 muestras, 15 features.
2026-06-11 15:36:11 [INFO] training.trainer — Walk-forward promedio — Sharpe: 2.018 | Win rate: 0.507 | Drawdown: 0.019
2026-06-11 15:36:13 [INFO] training.trainer — Modelo entrenado con 149983 muestras, 15 features.
2026-06-11 15:36:13 [INFO] training.trainer — OOS — Sharpe: 8.837 | Win rate: 0.516 | Drawdown: 0.039 | Profit factor: 1.077 | Muestras: 149983
2026-06-11 15:36:13 [WARNING] training.trainer — Umbrales mínimos: Sharpe>=1.00 (8.837) | WinRate>=0.52 (0.516) | Drawdown<=0.15 (0.039) | Trades>=18000 (3982) | Muestras>=10000 (149983)
2026-06-11 15:36:13 [WARNING] training.trainer — El modelo NO supera los umbrales mínimos. No se guarda.
2026-06-11 15:36:13 [INFO] __main__ — Entrenamiento completado. Modelo anterior conservado.
2026-06-11 15:36:13 [INFO] data.mt5_connector — MT5 desconectado.
2026-06-11 15:36:13 [INFO] __main__ — ━━━━━━━━━━━━━━━━━━━━━━━━━━━━━━━━━━━━━━━━━━━━━━━
2026-06-11 15:36:13 [INFO] __main__ — BOT DE ENTRENAMIENTO — FIN
2026-06-11 15:36:13 [INFO] __main__ — ━━━━━━━━━━━━━━━━━━━━━━━━━━━━━━━━━━━━━━━━━━━━━━━
2026-06-15 00:14:46 [INFO] __main__ — ━━━━━━━━━━━━━━━━━━━━━━━━━━━━━━━━━━━━━━━━━━━━━━━
2026-06-15 00:14:46 [INFO] __main__ — BOT DE ENTRENAMIENTO — INICIO
2026-06-15 00:14:46 [INFO] __main__ — ━━━━━━━━━━━━━━━━━━━━━━━━━━━━━━━━━━━━━━━━━━━━━━━
2026-06-15 00:14:46 [INFO] data.mt5_connector — MT5 conectado — build 5836, cuenta: 101396200
2026-06-15 00:14:46 [INFO] data.mt5_connector — Descargando 300000 velas de EURUSD M5 en chunks de 50000...
2026-06-15 00:14:46 [INFO] data.mt5_connector —   chunk 1/6 — 50000 velas acumuladas
2026-06-15 00:14:46 [INFO] data.mt5_connector —   chunk 2/6 — 100000 velas acumuladas
2026-06-15 00:14:46 [INFO] data.mt5_connector —   chunk 3/6 — 150000 velas acumuladas
2026-06-15 00:14:47 [INFO] data.mt5_connector —   chunk 4/6 — 200000 velas acumuladas
2026-06-15 00:14:47 [INFO] data.mt5_connector —   chunk 5/6 — 250000 velas acumuladas
2026-06-15 00:14:47 [INFO] data.mt5_connector —   chunk 6/6 — 300000 velas acumuladas
2026-06-15 00:14:47 [INFO] data.mt5_connector — Total descargado: 300000 velas. Rango: 2022-06-03 06:25:00 → 2026-06-15 07:10:00
2026-06-15 00:14:57 [INFO] features.indicators — Indicadores calculados. Filas resultantes: 299968
2026-06-15 00:14:57 [INFO] training.labeler — Etiquetas generadas — HOLD: 201463 | BUY: 49230 | SELL: 49274 | NaN: 1
2026-06-15 00:14:57 [INFO] __main__ — Distribución de etiquetas: {'HOLD': 67.16, 'SELL': 16.43, 'BUY': 16.41}
2026-06-15 00:14:57 [INFO] training.dataset — Dataset construido: 299967 filas, 15 features.
2026-06-15 00:14:57 [INFO] training.dataset — Balance de clases — HOLD: 201463 (67.2%) | BUY: 49230 (16.4%) | SELL: 49274 (16.4%)
2026-06-15 00:14:57 [INFO] __main__ — Operaciones históricas en SQLite: 0
2026-06-15 00:14:57 [INFO] training.trainer — === Iniciando entrenamiento ===
2026-06-15 00:14:57 [INFO] training.dataset — Train/Test split — Train: 149983 filas (2022-06-03 08:00:00 → 2024-06-06 12:30:00) | Test: 149984 filas (2024-06-06 12:35:00 → 2026-06-15 07:05:00)
2026-06-15 00:14:57 [INFO] training.trainer — Walk-forward validation con 8 folds...
2026-06-15 00:14:58 [INFO] training.trainer — Modelo entrenado con 16664 muestras, 15 features.
2026-06-15 00:14:58 [INFO] training.trainer — Modelo entrenado con 33328 muestras, 15 features.
2026-06-15 00:14:59 [INFO] training.trainer — Modelo entrenado con 49992 muestras, 15 features.
2026-06-15 00:15:01 [INFO] training.trainer — Modelo entrenado con 66656 muestras, 15 features.
2026-06-15 00:15:02 [INFO] training.trainer — Modelo entrenado con 83320 muestras, 15 features.
2026-06-15 00:15:04 [INFO] training.trainer — Modelo entrenado con 99984 muestras, 15 features.
2026-06-15 00:15:06 [INFO] training.trainer — Modelo entrenado con 116648 muestras, 15 features.
2026-06-15 00:15:08 [INFO] training.trainer — Modelo entrenado con 133312 muestras, 15 features.
2026-06-15 00:15:08 [INFO] training.trainer — Walk-forward promedio — Sharpe: 3.188 | Win rate: 0.508 | Drawdown: 0.029
2026-06-15 00:15:10 [INFO] training.trainer — Modelo entrenado con 149983 muestras, 15 features.
2026-06-15 00:15:10 [INFO] training.trainer — OOS — Sharpe: 3.524 | Win rate: 0.508 | Drawdown: 0.044 | Profit factor: 1.032 | Muestras: 149983
2026-06-15 00:15:10 [WARNING] training.trainer — Umbrales mínimos: Sharpe>=1.00 (3.524) | WinRate>=0.52 (0.508) | Drawdown<=0.15 (0.044) | Trades>=18000 (18000) | Muestras>=10000 (149983)
2026-06-15 00:15:10 [WARNING] training.trainer — El modelo NO supera los umbrales mínimos. No se guarda.
2026-06-15 00:15:10 [INFO] __main__ — Entrenamiento completado. Modelo anterior conservado.
2026-06-15 00:15:10 [INFO] data.mt5_connector — MT5 desconectado.
2026-06-15 00:15:10 [INFO] __main__ — ━━━━━━━━━━━━━━━━━━━━━━━━━━━━━━━━━━━━━━━━━━━━━━━
2026-06-15 00:15:10 [INFO] __main__ — BOT DE ENTRENAMIENTO — FIN
2026-06-15 00:15:10 [INFO] __main__ — ━━━━━━━━━━━━━━━━━━━━━━━━━━━━━━━━━━━━━━━━━━━━━━━
2026-06-15 00:15:13 [INFO] __main__ — ━━━━━━━━━━━━━━━━━━━━━━━━━━━━━━━━━━━━━━━━━━━━━━━
2026-06-15 00:15:13 [INFO] __main__ — BOT DE ENTRENAMIENTO — INICIO (modo optimización)
2026-06-15 00:15:13 [INFO] __main__ — ━━━━━━━━━━━━━━━━━━━━━━━━━━━━━━━━━━━━━━━━━━━━━━━
2026-06-15 00:15:13 [INFO] data.mt5_connector — MT5 conectado — build 5836, cuenta: 101396200
2026-06-15 00:15:13 [INFO] data.mt5_connector — Descargando 300000 velas de EURUSD M5 en chunks de 50000...
2026-06-15 00:15:13 [INFO] data.mt5_connector —   chunk 1/6 — 50000 velas acumuladas
2026-06-15 00:15:13 [INFO] data.mt5_connector —   chunk 2/6 — 100000 velas acumuladas
2026-06-15 00:15:13 [INFO] data.mt5_connector —   chunk 3/6 — 150000 velas acumuladas
2026-06-15 00:15:13 [INFO] data.mt5_connector —   chunk 4/6 — 200000 velas acumuladas
2026-06-15 00:15:13 [INFO] data.mt5_connector —   chunk 5/6 — 250000 velas acumuladas
2026-06-15 00:15:13 [INFO] data.mt5_connector —   chunk 6/6 — 300000 velas acumuladas
2026-06-15 00:15:13 [INFO] data.mt5_connector — Total descargado: 300000 velas. Rango: 2022-06-03 06:30:00 → 2026-06-15 07:15:00
2026-06-15 00:15:15 [INFO] __main__ — Iniciando búsqueda de parámetros con Optuna (10 trials)...
2026-06-15 00:15:17 [INFO] training.optimizer — === Optimización iniciada — 10 trials nuevos (ya probados: 0, total: 10) ===
2026-06-15 00:15:22 [INFO] training.optimizer — Trial #0 guardado en historial (Sharpe: 3.3758).
2026-06-15 00:15:22 [INFO] training.optimizer — Trial 1/10 — Sharpe: 3.3758 | Mejor: 3.3758
2026-06-15 00:15:31 [INFO] training.optimizer — Trial 2/10 — Sharpe: 4.6816 | Mejor: 4.6816
2026-06-15 00:15:39 [INFO] training.optimizer — Trial 3/10 — Sharpe: 3.7798 | Mejor: 4.6816
2026-06-15 00:15:44 [INFO] training.optimizer — Trial #3 guardado en historial (Sharpe: 4.4729).
2026-06-15 00:15:44 [INFO] training.optimizer — Trial 4/10 — Sharpe: 4.4729 | Mejor: 4.6816
2026-06-15 00:15:55 [INFO] training.optimizer — Trial #4 guardado en historial (Sharpe: 4.3272).
2026-06-15 00:15:55 [INFO] training.optimizer — Trial 5/10 — Sharpe: 4.3272 | Mejor: 4.6816
2026-06-15 00:16:01 [INFO] training.optimizer — Trial #5 guardado en historial (Sharpe: 3.7341).
2026-06-15 00:16:01 [INFO] training.optimizer — Trial 6/10 — Sharpe: 3.7341 | Mejor: 4.6816
2026-06-15 00:16:08 [INFO] training.optimizer — Trial 7/10 — Sharpe: 3.3323 | Mejor: 4.6816
2026-06-15 00:16:13 [INFO] training.optimizer — Trial #7 guardado en historial (Sharpe: 3.3662).
2026-06-15 00:16:13 [INFO] training.optimizer — Trial 8/10 — Sharpe: 3.3662 | Mejor: 4.6816
2026-06-15 00:16:20 [INFO] training.optimizer — Trial #8 guardado en historial (Sharpe: 3.2092).
2026-06-15 00:16:20 [INFO] training.optimizer — Trial 9/10 — Sharpe: 3.2092 | Mejor: 4.6816
2026-06-15 00:16:33 [INFO] training.optimizer — Trial #9 guardado en historial (Sharpe: 3.0524).
2026-06-15 00:16:33 [INFO] training.optimizer — Trial 10/10 — Sharpe: 3.0524 | Mejor: 4.6816
2026-06-15 00:16:33 [INFO] training.optimizer — Optimización completada — Mejor Sharpe: 4.6816 (sobre 10 trials totales)
2026-06-15 00:16:33 [INFO] training.optimizer — Mejores parámetros: {'EMA_FAST': 13, 'EMA_SLOW': 22, 'LABEL_HORIZON': 1, 'LABEL_THRESHOLD': 0.00012034899216775545, 'RSI_PERIOD': 8, 'BB_PERIOD': 13, 'n_estimators': 230, 'max_depth': 3, 'learning_rate': 0.06861811172897295, 'subsample': 0.6557975442608167, 'colsample_bytree': 0.7168578594140873, 'reg_lambda': 1.498365454855079}
2026-06-15 00:16:33 [INFO] training.optimizer — Mejores parámetros guardados en C:\Users\ferna\Desktop\Proyectos\BOTS\botentrenamiento\models\best_params.json
2026-06-15 00:16:33 [INFO] training.optimizer — config.py actualizado con los mejores parámetros de Optuna.
2026-06-15 00:16:33 [INFO] __main__ — Parámetros optimizados aplicados. Módulos recargados.
2026-06-15 00:16:33 [INFO] features.indicators — Indicadores calculados. Filas resultantes: 299981
2026-06-15 00:16:33 [INFO] training.labeler — Etiquetas generadas — HOLD: 150244 | BUY: 74918 | SELL: 74818 | NaN: 1
2026-06-15 00:16:33 [INFO] __main__ — Distribución de etiquetas: {'HOLD': 50.08, 'BUY': 24.97, 'SELL': 24.94}
2026-06-15 00:16:33 [INFO] training.dataset — Dataset construido: 299980 filas, 15 features.
2026-06-15 00:16:33 [INFO] training.dataset — Balance de clases — HOLD: 150244 (50.1%) | BUY: 74918 (25.0%) | SELL: 74818 (24.9%)
2026-06-15 00:16:33 [INFO] __main__ — Operaciones históricas en SQLite: 0
2026-06-15 00:16:33 [INFO] training.trainer — === Iniciando entrenamiento ===
2026-06-15 00:16:33 [INFO] training.dataset — Train/Test split — Train: 149990 filas (2022-06-03 08:05:00 → 2024-06-06 12:10:00) | Test: 149990 filas (2024-06-06 12:15:00 → 2026-06-15 07:10:00)
2026-06-15 00:16:33 [INFO] training.trainer — Walk-forward validation con 8 folds...
2026-06-15 00:16:33 [INFO] training.trainer — Modelo entrenado con 16665 muestras, 15 features.
2026-06-15 00:16:34 [INFO] training.trainer — Modelo entrenado con 33330 muestras, 15 features.
2026-06-15 00:16:35 [INFO] training.trainer — Modelo entrenado con 49995 muestras, 15 features.
2026-06-15 00:16:36 [INFO] training.trainer — Modelo entrenado con 66660 muestras, 15 features.
2026-06-15 00:16:38 [INFO] training.trainer — Modelo entrenado con 83325 muestras, 15 features.
2026-06-15 00:16:40 [INFO] training.trainer — Modelo entrenado con 99990 muestras, 15 features.
2026-06-15 00:16:42 [INFO] training.trainer — Modelo entrenado con 116655 muestras, 15 features.
2026-06-15 00:16:44 [INFO] training.trainer — Modelo entrenado con 133320 muestras, 15 features.
2026-06-15 00:16:44 [INFO] training.trainer — Walk-forward promedio — Sharpe: 2.865 | Win rate: 0.509 | Drawdown: 0.032
2026-06-15 00:16:47 [INFO] training.trainer — Modelo entrenado con 149990 muestras, 15 features.
2026-06-15 00:16:47 [INFO] training.trainer — OOS — Sharpe: 1.303 | Win rate: 0.509 | Drawdown: 0.047 | Profit factor: 1.012 | Muestras: 149990
2026-06-15 00:16:47 [WARNING] training.trainer — Umbrales mínimos: Sharpe>=1.00 (1.303) | WinRate>=0.52 (0.509) | Drawdown<=0.15 (0.047) | Trades>=18000 (28608) | Muestras>=10000 (149990)
2026-06-15 00:16:47 [WARNING] training.trainer — El modelo NO supera los umbrales mínimos. No se guarda.
2026-06-15 00:16:47 [INFO] __main__ — Entrenamiento completado. Modelo anterior conservado.
2026-06-15 00:16:47 [INFO] data.mt5_connector — MT5 desconectado.
2026-06-15 00:16:47 [INFO] __main__ — ━━━━━━━━━━━━━━━━━━━━━━━━━━━━━━━━━━━━━━━━━━━━━━━
2026-06-15 00:16:47 [INFO] __main__ — BOT DE ENTRENAMIENTO — FIN
2026-06-15 00:16:47 [INFO] __main__ — ━━━━━━━━━━━━━━━━━━━━━━━━━━━━━━━━━━━━━━━━━━━━━━━
2026-06-15 00:18:23 [INFO] __main__ — ━━━━━━━━━━━━━━━━━━━━━━━━━━━━━━━━━━━━━━━━━━━━━━━
2026-06-15 00:18:23 [INFO] __main__ — BOT DE ENTRENAMIENTO — INICIO
2026-06-15 00:18:23 [INFO] __main__ — ━━━━━━━━━━━━━━━━━━━━━━━━━━━━━━━━━━━━━━━━━━━━━━━
2026-06-15 00:18:23 [INFO] data.mt5_connector — MT5 conectado — build 5836, cuenta: 101396200
2026-06-15 00:18:23 [INFO] data.mt5_connector — Descargando 300000 velas de EURUSD M5 en chunks de 50000...
2026-06-15 00:18:23 [INFO] data.mt5_connector —   chunk 1/6 — 50000 velas acumuladas
2026-06-15 00:18:23 [INFO] data.mt5_connector —   chunk 2/6 — 100000 velas acumuladas
2026-06-15 00:18:23 [INFO] data.mt5_connector —   chunk 3/6 — 150000 velas acumuladas
2026-06-15 00:18:23 [INFO] data.mt5_connector —   chunk 4/6 — 200000 velas acumuladas
2026-06-15 00:18:23 [INFO] data.mt5_connector —   chunk 5/6 — 250000 velas acumuladas
2026-06-15 00:18:23 [INFO] data.mt5_connector —   chunk 6/6 — 300000 velas acumuladas
2026-06-15 00:18:23 [INFO] data.mt5_connector — Total descargado: 300000 velas. Rango: 2022-06-03 06:30:00 → 2026-06-15 07:15:00
2026-06-15 00:18:24 [INFO] features.indicators — Indicadores calculados. Filas resultantes: 299981
2026-06-15 00:18:24 [INFO] training.labeler — Etiquetas generadas — HOLD: 150244 | BUY: 74918 | SELL: 74818 | NaN: 1
2026-06-15 00:18:24 [INFO] __main__ — Distribución de etiquetas: {'HOLD': 50.08, 'BUY': 24.97, 'SELL': 24.94}
2026-06-15 00:18:24 [INFO] training.dataset — Dataset construido: 299980 filas, 15 features.
2026-06-15 00:18:24 [INFO] training.dataset — Balance de clases — HOLD: 150244 (50.1%) | BUY: 74918 (25.0%) | SELL: 74818 (24.9%)
2026-06-15 00:18:24 [INFO] __main__ — Operaciones históricas en SQLite: 0
2026-06-15 00:18:24 [INFO] training.trainer — === Iniciando entrenamiento ===
2026-06-15 00:18:24 [INFO] training.dataset — Train/Test split — Train: 149990 filas (2022-06-03 08:05:00 → 2024-06-06 12:10:00) | Test: 149990 filas (2024-06-06 12:15:00 → 2026-06-15 07:10:00)
2026-06-15 00:18:24 [INFO] training.trainer — Walk-forward validation con 8 folds...
2026-06-15 00:18:24 [INFO] training.trainer — Modelo entrenado con 16665 muestras, 15 features.
2026-06-15 00:18:25 [INFO] training.trainer — Modelo entrenado con 33330 muestras, 15 features.
2026-06-15 00:18:26 [INFO] training.trainer — Modelo entrenado con 49995 muestras, 15 features.
2026-06-15 00:18:27 [INFO] training.trainer — Modelo entrenado con 66660 muestras, 15 features.
2026-06-15 00:18:29 [INFO] training.trainer — Modelo entrenado con 83325 muestras, 15 features.
2026-06-15 00:18:31 [INFO] training.trainer — Modelo entrenado con 99990 muestras, 15 features.
2026-06-15 00:18:33 [INFO] training.trainer — Modelo entrenado con 116655 muestras, 15 features.
2026-06-15 00:18:35 [INFO] training.trainer — Modelo entrenado con 133320 muestras, 15 features.
2026-06-15 00:18:35 [INFO] training.trainer — Walk-forward promedio — Sharpe: 2.865 | Win rate: 0.509 | Drawdown: 0.032
2026-06-15 00:18:37 [INFO] training.trainer — Modelo entrenado con 149990 muestras, 15 features.
2026-06-15 00:18:38 [INFO] training.trainer — OOS — Sharpe: 1.303 | Win rate: 0.509 | Drawdown: 0.047 | Profit factor: 1.012 | Muestras: 149990
2026-06-15 00:18:38 [WARNING] training.trainer — Umbrales mínimos: Sharpe>=1.00 (1.303) | WinRate>=0.52 (0.509) | Drawdown<=0.15 (0.047) | Trades>=18000 (28608) | Muestras>=10000 (149990)
2026-06-15 00:18:38 [WARNING] training.trainer — El modelo NO supera los umbrales mínimos. No se guarda.
2026-06-15 00:18:38 [INFO] __main__ — Entrenamiento completado. Modelo anterior conservado.
2026-06-15 00:18:38 [INFO] data.mt5_connector — MT5 desconectado.
2026-06-15 00:18:38 [INFO] __main__ — ━━━━━━━━━━━━━━━━━━━━━━━━━━━━━━━━━━━━━━━━━━━━━━━
2026-06-15 00:18:38 [INFO] __main__ — BOT DE ENTRENAMIENTO — FIN
2026-06-15 00:18:38 [INFO] __main__ — ━━━━━━━━━━━━━━━━━━━━━━━━━━━━━━━━━━━━━━━━━━━━━━━
2026-06-15 00:21:00 [INFO] __main__ — ━━━━━━━━━━━━━━━━━━━━━━━━━━━━━━━━━━━━━━━━━━━━━━━
2026-06-15 00:21:00 [INFO] __main__ — BOT DE ENTRENAMIENTO — INICIO
2026-06-15 00:21:00 [INFO] __main__ — ━━━━━━━━━━━━━━━━━━━━━━━━━━━━━━━━━━━━━━━━━━━━━━━
2026-06-15 00:21:00 [INFO] data.mt5_connector — MT5 conectado — build 5836, cuenta: 101396200
2026-06-15 00:21:00 [INFO] data.mt5_connector — Descargando 300000 velas de EURUSD M5 en chunks de 50000...
2026-06-15 00:21:00 [INFO] data.mt5_connector —   chunk 1/6 — 50000 velas acumuladas
2026-06-15 00:21:00 [INFO] data.mt5_connector —   chunk 2/6 — 100000 velas acumuladas
2026-06-15 00:21:00 [INFO] data.mt5_connector —   chunk 3/6 — 150000 velas acumuladas
2026-06-15 00:21:00 [INFO] data.mt5_connector —   chunk 4/6 — 200000 velas acumuladas
2026-06-15 00:21:00 [INFO] data.mt5_connector —   chunk 5/6 — 250000 velas acumuladas
2026-06-15 00:21:00 [INFO] data.mt5_connector —   chunk 6/6 — 300000 velas acumuladas
2026-06-15 00:21:00 [INFO] data.mt5_connector — Total descargado: 300000 velas. Rango: 2022-06-03 06:35:00 → 2026-06-15 07:20:00
2026-06-15 00:21:01 [INFO] features.indicators — Indicadores calculados. Filas resultantes: 299981
2026-06-15 00:21:01 [INFO] training.labeler — Etiquetas generadas — HOLD: 150244 | BUY: 74918 | SELL: 74818 | NaN: 1
2026-06-15 00:21:01 [INFO] __main__ — Distribución de etiquetas: {'HOLD': 50.08, 'BUY': 24.97, 'SELL': 24.94}
2026-06-15 00:21:01 [INFO] training.dataset — Dataset construido: 299980 filas, 15 features.
2026-06-15 00:21:01 [INFO] training.dataset — Balance de clases — HOLD: 150244 (50.1%) | BUY: 74918 (25.0%) | SELL: 74818 (24.9%)
2026-06-15 00:21:01 [INFO] __main__ — Operaciones históricas en SQLite: 0
2026-06-15 00:21:01 [INFO] training.trainer — === Iniciando entrenamiento ===
2026-06-15 00:21:01 [INFO] training.dataset — Train/Test split — Train: 149990 filas (2022-06-03 08:10:00 → 2024-06-06 12:15:00) | Test: 149990 filas (2024-06-06 12:20:00 → 2026-06-15 07:15:00)
2026-06-15 00:21:01 [INFO] training.trainer — Walk-forward validation con 8 folds...
2026-06-15 00:21:02 [INFO] training.trainer — Modelo entrenado con 16665 muestras, 15 features.
2026-06-15 00:21:03 [INFO] training.trainer — Modelo entrenado con 33330 muestras, 15 features.
2026-06-15 00:21:04 [INFO] training.trainer — Modelo entrenado con 49995 muestras, 15 features.
2026-06-15 00:21:05 [INFO] training.trainer — Modelo entrenado con 66660 muestras, 15 features.
2026-06-15 00:21:06 [INFO] training.trainer — Modelo entrenado con 83325 muestras, 15 features.
2026-06-15 00:21:08 [INFO] training.trainer — Modelo entrenado con 99990 muestras, 15 features.
2026-06-15 00:21:10 [INFO] training.trainer — Modelo entrenado con 116655 muestras, 15 features.
2026-06-15 00:21:12 [INFO] training.trainer — Modelo entrenado con 133320 muestras, 15 features.
2026-06-15 00:21:12 [INFO] training.trainer — Walk-forward promedio — Sharpe: 6.413 | Win rate: 0.512 | Drawdown: 0.029
2026-06-15 00:21:15 [INFO] training.trainer — Modelo entrenado con 149990 muestras, 15 features.
2026-06-15 00:21:15 [INFO] training.trainer — OOS — Sharpe: 2.235 | Win rate: 0.507 | Drawdown: 0.043 | Profit factor: 1.020 | Muestras: 149990
2026-06-15 00:21:15 [INFO] training.trainer — No existe modelo anterior. El nuevo modelo será guardado.
2026-06-15 00:21:15 [INFO] training.trainer — Modelo guardado en C:\Users\ferna\Desktop\Proyectos\BOTS\botentrenamiento\models\model_latest.pkl — Sharpe: 2.235 | Win rate: 0.507 | Drawdown: 0.043
2026-06-15 00:21:15 [INFO] __main__ — Entrenamiento completado. Nuevo modelo guardado.
2026-06-15 00:21:15 [INFO] data.mt5_connector — MT5 desconectado.
2026-06-15 00:21:15 [INFO] __main__ — ━━━━━━━━━━━━━━━━━━━━━━━━━━━━━━━━━━━━━━━━━━━━━━━
2026-06-15 00:21:15 [INFO] __main__ — BOT DE ENTRENAMIENTO — FIN
2026-06-15 00:21:15 [INFO] __main__ — ━━━━━━━━━━━━━━━━━━━━━━━━━━━━━━━━━━━━━━━━━━━━━━━
2026-06-15 00:21:36 [INFO] __main__ — ━━━━━━━━━━━━━━━━━━━━━━━━━━━━━━━━━━━━━━━━━━━━━━━
2026-06-15 00:21:36 [INFO] __main__ — BOT DE ENTRENAMIENTO — INICIO (modo optimización)
2026-06-15 00:21:36 [INFO] __main__ — ━━━━━━━━━━━━━━━━━━━━━━━━━━━━━━━━━━━━━━━━━━━━━━━
2026-06-15 00:21:36 [INFO] data.mt5_connector — MT5 conectado — build 5836, cuenta: 101396200
2026-06-15 00:21:36 [INFO] data.mt5_connector — Descargando 300000 velas de EURUSD M5 en chunks de 50000...
2026-06-15 00:21:36 [INFO] data.mt5_connector —   chunk 1/6 — 50000 velas acumuladas
2026-06-15 00:21:36 [INFO] data.mt5_connector —   chunk 2/6 — 100000 velas acumuladas
2026-06-15 00:21:36 [INFO] data.mt5_connector —   chunk 3/6 — 150000 velas acumuladas
2026-06-15 00:21:36 [INFO] data.mt5_connector —   chunk 4/6 — 200000 velas acumuladas
2026-06-15 00:21:36 [INFO] data.mt5_connector —   chunk 5/6 — 250000 velas acumuladas
2026-06-15 00:21:36 [INFO] data.mt5_connector —   chunk 6/6 — 300000 velas acumuladas
2026-06-15 00:21:36 [INFO] data.mt5_connector — Total descargado: 300000 velas. Rango: 2022-06-03 06:35:00 → 2026-06-15 07:20:00
2026-06-15 00:21:37 [INFO] __main__ — Iniciando búsqueda de parámetros con Optuna (50 trials)...
2026-06-15 00:21:37 [INFO] training.optimizer — === Optimización iniciada — 50 trials nuevos (ya probados: 10, total: 60) ===
2026-06-15 00:21:51 [INFO] training.optimizer — Trial #10 guardado en historial (Sharpe: 2.8859).
2026-06-15 00:21:51 [INFO] training.optimizer — Trial 11/60 — Sharpe: 2.8859 | Mejor: 4.6816
2026-06-15 00:21:58 [INFO] training.optimizer — Trial #11 guardado en historial (Sharpe: 3.0998).
2026-06-15 00:21:58 [INFO] training.optimizer — Trial 12/60 — Sharpe: 3.0998 | Mejor: 4.6816
2026-06-15 00:22:11 [INFO] training.optimizer — Trial #12 guardado en historial (Sharpe: 2.8855).
2026-06-15 00:22:11 [INFO] training.optimizer — Trial 13/60 — Sharpe: 2.8855 | Mejor: 4.6816
2026-06-15 00:22:17 [INFO] training.optimizer — Trial #13 guardado en historial (Sharpe: 3.7622).
2026-06-15 00:22:17 [INFO] training.optimizer — Trial 14/60 — Sharpe: 3.7622 | Mejor: 4.6816
2026-06-15 00:22:26 [INFO] training.optimizer — Trial #14 guardado en historial (Sharpe: 3.7142).
2026-06-15 00:22:26 [INFO] training.optimizer — Trial 15/60 — Sharpe: 3.7142 | Mejor: 4.6816
2026-06-15 00:22:35 [INFO] training.optimizer — Trial #15 guardado en historial (Sharpe: 4.4275).
2026-06-15 00:22:35 [INFO] training.optimizer — Trial 16/60 — Sharpe: 4.4275 | Mejor: 4.6816
2026-06-15 00:22:39 [INFO] training.optimizer — Trial #16 guardado en historial (Sharpe: 4.2344).
2026-06-15 00:22:39 [INFO] training.optimizer — Trial 17/60 — Sharpe: 4.2344 | Mejor: 4.6816
2026-06-15 00:22:45 [INFO] training.optimizer — Trial #17 guardado en historial (Sharpe: 2.7123).
2026-06-15 00:22:45 [INFO] training.optimizer — Trial 18/60 — Sharpe: 2.7123 | Mejor: 4.6816
2026-06-15 00:22:54 [INFO] training.optimizer — Trial #18 guardado en historial (Sharpe: 3.4471).
2026-06-15 00:22:54 [INFO] training.optimizer — Trial 19/60 — Sharpe: 3.4471 | Mejor: 4.6816
2026-06-15 00:23:05 [INFO] training.optimizer — Trial #19 guardado en historial (Sharpe: 2.8062).
2026-06-15 00:23:05 [INFO] training.optimizer — Trial 20/60 — Sharpe: 2.8062 | Mejor: 4.6816
2026-06-15 00:23:15 [INFO] training.optimizer — Trial #20 guardado en historial (Sharpe: 4.1210).
2026-06-15 00:23:15 [INFO] training.optimizer — Trial 21/60 — Sharpe: 4.1210 | Mejor: 4.6816
2026-06-15 00:23:24 [INFO] training.optimizer — Trial #21 guardado en historial (Sharpe: 4.6904).
2026-06-15 00:23:24 [INFO] training.optimizer — Trial 22/60 — Sharpe: 4.6904 | Mejor: 4.6904
2026-06-15 00:23:35 [INFO] training.optimizer — Trial #22 guardado en historial (Sharpe: 3.8706).
2026-06-15 00:23:35 [INFO] training.optimizer — Trial 23/60 — Sharpe: 3.8706 | Mejor: 4.6904
2026-06-15 00:23:44 [INFO] training.optimizer — Trial #23 guardado en historial (Sharpe: 5.5358).
2026-06-15 00:23:44 [INFO] training.optimizer — Trial 24/60 — Sharpe: 5.5358 | Mejor: 5.5358
2026-06-15 00:23:54 [INFO] training.optimizer — Trial #24 guardado en historial (Sharpe: 2.1905).
2026-06-15 00:23:54 [INFO] training.optimizer — Trial 25/60 — Sharpe: 2.1905 | Mejor: 5.5358
2026-06-15 00:24:05 [INFO] training.optimizer — Trial #25 guardado en historial (Sharpe: 3.4740).
2026-06-15 00:24:05 [INFO] training.optimizer — Trial 26/60 — Sharpe: 3.4740 | Mejor: 5.5358
2026-06-15 00:24:13 [INFO] training.optimizer — Trial #26 guardado en historial (Sharpe: 3.5448).
2026-06-15 00:24:13 [INFO] training.optimizer — Trial 27/60 — Sharpe: 3.5448 | Mejor: 5.5358
2026-06-15 00:24:24 [INFO] training.optimizer — Trial #27 guardado en historial (Sharpe: 7.3848).
2026-06-15 00:24:24 [INFO] training.optimizer — Trial 28/60 — Sharpe: 7.3848 | Mejor: 7.3848
2026-06-15 00:24:35 [INFO] training.optimizer — Trial #28 guardado en historial (Sharpe: 4.0840).
2026-06-15 00:24:35 [INFO] training.optimizer — Trial 29/60 — Sharpe: 4.0840 | Mejor: 7.3848
2026-06-15 00:24:44 [INFO] training.optimizer — Trial #29 guardado en historial (Sharpe: 6.5957).
2026-06-15 00:24:44 [INFO] training.optimizer — Trial 30/60 — Sharpe: 6.5957 | Mejor: 7.3848
2026-06-15 00:24:53 [INFO] training.optimizer — Trial #30 guardado en historial (Sharpe: 3.9965).
2026-06-15 00:24:53 [INFO] training.optimizer — Trial 31/60 — Sharpe: 3.9965 | Mejor: 7.3848
2026-06-15 00:25:02 [INFO] training.optimizer — Trial #31 guardado en historial (Sharpe: 5.8457).
2026-06-15 00:25:02 [INFO] training.optimizer — Trial 32/60 — Sharpe: 5.8457 | Mejor: 7.3848
2026-06-15 00:25:11 [INFO] training.optimizer — Trial #32 guardado en historial (Sharpe: 4.5860).
2026-06-15 00:25:11 [INFO] training.optimizer — Trial 33/60 — Sharpe: 4.5860 | Mejor: 7.3848
2026-06-15 00:25:21 [INFO] training.optimizer — Trial #33 guardado en historial (Sharpe: 5.3705).
2026-06-15 00:25:21 [INFO] training.optimizer — Trial 34/60 — Sharpe: 5.3705 | Mejor: 7.3848
2026-06-15 00:25:31 [INFO] training.optimizer — Trial #34 guardado en historial (Sharpe: 6.5655).
2026-06-15 00:25:31 [INFO] training.optimizer — Trial 35/60 — Sharpe: 6.5655 | Mejor: 7.3848
2026-06-15 00:25:40 [INFO] training.optimizer — Trial #35 guardado en historial (Sharpe: 7.0033).
2026-06-15 00:25:40 [INFO] training.optimizer — Trial 36/60 — Sharpe: 7.0033 | Mejor: 7.3848
2026-06-15 00:25:50 [INFO] training.optimizer — Trial #36 guardado en historial (Sharpe: 7.0293).
2026-06-15 00:25:50 [INFO] training.optimizer — Trial 37/60 — Sharpe: 7.0293 | Mejor: 7.3848
2026-06-15 00:26:00 [INFO] training.optimizer — Trial #37 guardado en historial (Sharpe: 7.7154).
2026-06-15 00:26:00 [INFO] training.optimizer — Trial 38/60 — Sharpe: 7.7154 | Mejor: 7.7154
2026-06-15 00:26:07 [INFO] training.optimizer — Trial #38 guardado en historial (Sharpe: 10.0079).
2026-06-15 00:26:07 [INFO] training.optimizer — Trial 39/60 — Sharpe: 10.0079 | Mejor: 10.0079
2026-06-15 00:26:15 [INFO] training.optimizer — Trial #39 guardado en historial (Sharpe: 7.2898).
2026-06-15 00:26:15 [INFO] training.optimizer — Trial 40/60 — Sharpe: 7.2898 | Mejor: 10.0079
2026-06-15 00:26:23 [INFO] training.optimizer — Trial #40 guardado en historial (Sharpe: 6.4485).
2026-06-15 00:26:23 [INFO] training.optimizer — Trial 41/60 — Sharpe: 6.4485 | Mejor: 10.0079
2026-06-15 00:26:30 [INFO] training.optimizer — Trial #41 guardado en historial (Sharpe: 7.3277).
2026-06-15 00:26:30 [INFO] training.optimizer — Trial 42/60 — Sharpe: 7.3277 | Mejor: 10.0079
2026-06-15 00:26:37 [INFO] training.optimizer — Trial #42 guardado en historial (Sharpe: 5.3054).
2026-06-15 00:26:37 [INFO] training.optimizer — Trial 43/60 — Sharpe: 5.3054 | Mejor: 10.0079
2026-06-15 00:26:44 [INFO] training.optimizer — Trial #43 guardado en historial (Sharpe: 8.6567).
2026-06-15 00:26:44 [INFO] training.optimizer — Trial 44/60 — Sharpe: 8.6567 | Mejor: 10.0079
2026-06-15 00:26:49 [INFO] training.optimizer — Trial #44 guardado en historial (Sharpe: 4.8216).
2026-06-15 00:26:49 [INFO] training.optimizer — Trial 45/60 — Sharpe: 4.8216 | Mejor: 10.0079
2026-06-15 00:26:56 [INFO] training.optimizer — Trial #45 guardado en historial (Sharpe: 8.0247).
2026-06-15 00:26:56 [INFO] training.optimizer — Trial 46/60 — Sharpe: 8.0247 | Mejor: 10.0079
2026-06-15 00:27:02 [INFO] training.optimizer — Trial #46 guardado en historial (Sharpe: 4.6603).
2026-06-15 00:27:02 [INFO] training.optimizer — Trial 47/60 — Sharpe: 4.6603 | Mejor: 10.0079
2026-06-15 00:27:09 [INFO] training.optimizer — Trial #47 guardado en historial (Sharpe: 7.6978).
2026-06-15 00:27:09 [INFO] training.optimizer — Trial 48/60 — Sharpe: 7.6978 | Mejor: 10.0079
2026-06-15 00:27:15 [INFO] training.optimizer — Trial #48 guardado en historial (Sharpe: 4.1447).
2026-06-15 00:27:15 [INFO] training.optimizer — Trial 49/60 — Sharpe: 4.1447 | Mejor: 10.0079
2026-06-15 00:27:20 [INFO] training.optimizer — Trial #49 guardado en historial (Sharpe: 7.2162).
2026-06-15 00:27:20 [INFO] training.optimizer — Trial 50/60 — Sharpe: 7.2162 | Mejor: 10.0079
2026-06-15 00:27:27 [INFO] training.optimizer — Trial #50 guardado en historial (Sharpe: 6.0812).
2026-06-15 00:27:27 [INFO] training.optimizer — Trial 51/60 — Sharpe: 6.0812 | Mejor: 10.0079
2026-06-15 00:27:34 [INFO] training.optimizer — Trial #51 guardado en historial (Sharpe: 7.2658).
2026-06-15 00:27:34 [INFO] training.optimizer — Trial 52/60 — Sharpe: 7.2658 | Mejor: 10.0079
2026-06-15 00:27:38 [INFO] training.optimizer — Trial #52 guardado en historial (Sharpe: 7.0323).
2026-06-15 00:27:38 [INFO] training.optimizer — Trial 53/60 — Sharpe: 7.0323 | Mejor: 10.0079
2026-06-15 00:27:47 [INFO] training.optimizer — Trial #53 guardado en historial (Sharpe: 7.0702).
2026-06-15 00:27:47 [INFO] training.optimizer — Trial 54/60 — Sharpe: 7.0702 | Mejor: 10.0079
2026-06-15 00:27:55 [INFO] training.optimizer — Trial #54 guardado en historial (Sharpe: 6.7116).
2026-06-15 00:27:55 [INFO] training.optimizer — Trial 55/60 — Sharpe: 6.7116 | Mejor: 10.0079
2026-06-15 00:28:04 [INFO] training.optimizer — Trial #55 guardado en historial (Sharpe: 4.0854).
2026-06-15 00:28:04 [INFO] training.optimizer — Trial 56/60 — Sharpe: 4.0854 | Mejor: 10.0079
2026-06-15 00:28:20 [INFO] training.optimizer — Trial #56 guardado en historial (Sharpe: 7.2322).
2026-06-15 00:28:20 [INFO] training.optimizer — Trial 57/60 — Sharpe: 7.2322 | Mejor: 10.0079
2026-06-15 00:28:26 [INFO] training.optimizer — Trial #57 guardado en historial (Sharpe: 5.8748).
2026-06-15 00:28:26 [INFO] training.optimizer — Trial 58/60 — Sharpe: 5.8748 | Mejor: 10.0079
2026-06-15 00:28:32 [INFO] training.optimizer — Trial #58 guardado en historial (Sharpe: 8.9329).
2026-06-15 00:28:32 [INFO] training.optimizer — Trial 59/60 — Sharpe: 8.9329 | Mejor: 10.0079
2026-06-15 00:28:37 [INFO] training.optimizer — Trial #59 guardado en historial (Sharpe: 3.0402).
2026-06-15 00:28:37 [INFO] training.optimizer — Trial 60/60 — Sharpe: 3.0402 | Mejor: 10.0079
2026-06-15 00:28:37 [INFO] training.optimizer — Optimización completada — Mejor Sharpe: 10.0079 (sobre 60 trials totales)
2026-06-15 00:28:37 [INFO] training.optimizer — Mejores parámetros: {'EMA_FAST': 10, 'EMA_SLOW': 40, 'LABEL_HORIZON': 1, 'LABEL_THRESHOLD': 0.0002601424913031369, 'RSI_PERIOD': 12, 'BB_PERIOD': 19, 'n_estimators': 220, 'max_depth': 4, 'learning_rate': 0.12114587793820378, 'subsample': 0.8431294634457571, 'colsample_bytree': 0.6904836544160005, 'reg_lambda': 0.9432283517944826}
2026-06-15 00:28:37 [INFO] training.optimizer — Mejores parámetros guardados en C:\Users\ferna\Desktop\Proyectos\BOTS\botentrenamiento\models\best_params.json
2026-06-15 00:28:37 [INFO] training.optimizer — config.py actualizado con los mejores parámetros de Optuna.
2026-06-15 00:28:37 [INFO] __main__ — Parámetros optimizados aplicados. Módulos recargados.
2026-06-15 00:28:38 [INFO] features.indicators — Indicadores calculados. Filas resultantes: 299981
2026-06-15 00:28:38 [INFO] training.labeler — Etiquetas generadas — HOLD: 231900 | BUY: 34064 | SELL: 34016 | NaN: 1
2026-06-15 00:28:38 [INFO] __main__ — Distribución de etiquetas: {'HOLD': 77.31, 'BUY': 11.36, 'SELL': 11.34}
2026-06-15 00:28:38 [INFO] training.dataset — Dataset construido: 299980 filas, 15 features.
2026-06-15 00:28:38 [INFO] training.dataset — Balance de clases — HOLD: 231900 (77.3%) | BUY: 34064 (11.4%) | SELL: 34016 (11.3%)
2026-06-15 00:28:38 [INFO] __main__ — Operaciones históricas en SQLite: 0
2026-06-15 00:28:38 [INFO] training.trainer — === Iniciando entrenamiento ===
2026-06-15 00:28:38 [INFO] training.dataset — Train/Test split — Train: 149990 filas (2022-06-03 08:10:00 → 2024-06-06 12:15:00) | Test: 149990 filas (2024-06-06 12:20:00 → 2026-06-15 07:15:00)
2026-06-15 00:28:38 [INFO] training.trainer — Walk-forward validation con 8 folds...
2026-06-15 00:28:38 [INFO] training.trainer — Modelo entrenado con 16665 muestras, 15 features.
2026-06-15 00:28:39 [INFO] training.trainer — Modelo entrenado con 33330 muestras, 15 features.
2026-06-15 00:28:40 [INFO] training.trainer — Modelo entrenado con 49995 muestras, 15 features.
2026-06-15 00:28:41 [INFO] training.trainer — Modelo entrenado con 66660 muestras, 15 features.
2026-06-15 00:28:43 [INFO] training.trainer — Modelo entrenado con 83325 muestras, 15 features.
2026-06-15 00:28:44 [INFO] training.trainer — Modelo entrenado con 99990 muestras, 15 features.
2026-06-15 00:28:46 [INFO] training.trainer — Modelo entrenado con 116655 muestras, 15 features.
2026-06-15 00:28:48 [INFO] training.trainer — Modelo entrenado con 133320 muestras, 15 features.
2026-06-15 00:28:48 [INFO] training.trainer — Walk-forward promedio — Sharpe: 2.413 | Win rate: 0.519 | Drawdown: 0.014
2026-06-15 00:28:51 [INFO] training.trainer — Modelo entrenado con 149990 muestras, 15 features.
2026-06-15 00:28:51 [INFO] training.trainer — OOS — Sharpe: 11.611 | Win rate: 0.523 | Drawdown: 0.022 | Profit factor: 1.108 | Muestras: 149990
2026-06-15 00:28:51 [INFO] training.trainer — Modelo anterior OOS — Sharpe: 2.536 | Win rate: 0.507
2026-06-15 00:28:51 [INFO] training.trainer — Nuevo modelo supera al anterior en Sharpe: 11.611 > 2.536
2026-06-15 00:28:51 [INFO] training.trainer — Modelo guardado en C:\Users\ferna\Desktop\Proyectos\BOTS\botentrenamiento\models\model_latest.pkl — Sharpe: 11.611 | Win rate: 0.523 | Drawdown: 0.022
2026-06-15 00:28:51 [INFO] __main__ — Entrenamiento completado. Nuevo modelo guardado.
2026-06-15 00:28:51 [INFO] data.mt5_connector — MT5 desconectado.
2026-06-15 00:28:51 [INFO] __main__ — ━━━━━━━━━━━━━━━━━━━━━━━━━━━━━━━━━━━━━━━━━━━━━━━
2026-06-15 00:28:51 [INFO] __main__ — BOT DE ENTRENAMIENTO — FIN
2026-06-15 00:28:51 [INFO] __main__ — ━━━━━━━━━━━━━━━━━━━━━━━━━━━━━━━━━━━━━━━━━━━━━━━
